Restaurent_name_hyd,Restaurent_style_hyd,Restaurent_price_hyd,Restaurant_discount_hyd,Restaurent_address,Rating
63 Degree Modern Regional Buffet,Regional Indian,2400,25% Off,"Gachibowli, Hyderabad",4.1
Golconda Pavilion,"North Indian, Multicuisine, Continental, Desserts, Finger Food, Chinese",2500,10% Off + 25% Off,"ITC Kohenur, Hyderabad",4.4
Exotica,Multicuisine,1500,15% Off + 25% Off,"Banjara Hills, Hyderabad  ",4.3
Forefathers,Multicuisine,1500,25% Off,"Road No. 45, Jubilee Hills, Hyderabad",4.6
Aster Cafe & Kitchen,Multicuisine,1000,10% Off + 25% Off,"Road No. 12, Banjara Hills, Hyderabad",4.0
The Ofen,"Mexican, Italian, Beverages",2000,20% Off + 25% Off,"Banjara Hills, Hyderabad",5.0
one8 Commune,Multicuisine,2500,25% Off,"Hitech City, Hyderabad",4.6
Pizza Zone,Italian,1000,25% Off,"Habsiguda, Hyderabad  ",4.0
Fuel Cafe,Cafe,800,15% Off + 25% Off,"Banjara Hills, Hyderabad",4.0
7 Sisters,North Eastern,700,30% Off + 25% Off,"Banjara Hills, Hyderabad  ",4.4
Habitat Cafe,Multicuisine,1200,10% Off + 25% Off,"Banjara Hills, Hyderabad",4.7
Hibacci,"Chinese, North Eastern, Pan Asian, Asian",1250,15% Off + 25% Off,"Banjara Hills, Hyderabad",4.4
The Dining Room,"Desserts, Multicuisine, Continental",3500,30% Off + 25% Off,"Park Hyatt, Hyderabad",4.1
Pakka Local,Multicuisine,1200,25% Off :Payeazy,"Road No. 7, Banjara Hills, Hyderabad  ",4.4
Hummus House,Mediterranean,1100,10% Off + 25% Off,"Road No. 12, Banjara Hills, Hyderabad",4.8
ZYTHUM Brewing Co.,Multicuisine,2500,25% Off + 25% Off,"Jubilee Hills, Hyderabad",4.5
Vasaara,"South Indian, European",1000,30% Off + 25% Off,"Banjara Hills, Hyderabad",4.0
Ohri's Eatmor,Multicuisine,1200,15% Off + 25% Off,"Banjara Hills, Hyderabad  ",3.8
Mazuri Cafe,"Multicuisine, European",1000,30% Off + 25% Off,"Banjara Hills, Hyderabad",4.0
A'La Liberty,"Indian, European",1300,10% Off + 25% Off,"Banjara Hills, Hyderabad",4.3
La Pino'z Pizza,"Italian, Pizza",400,10% Off + 25% Off,"Road No. 12, Banjara Hills, Hyderabad  ",5.0
Rika,"Asian, Japanese",3000,25% Off + 25% Off,"Park Hyatt, Hyderabad",4.4
Aish,"South Indian, Indian",2400,30% Off + 25% Off,"The Park, Hyderabad",4.0
Urban Nemo Cafe In Garden,Multicuisine,800,25% Off + 25% Off,"Jubilee Hills, Hyderabad",4.9
Imli Sarai,European,1800,20% Off + 25% Off,"Banjara Hills, Hyderabad",3.0
Namchi - Fusion Of Taste Buds,Indian,1000,20% Off + 25% Off,"Banjara Hills, Hyderabad",4.4
Aqua,"Finger Food, Cocktail Menu",2500,30% Off + 25% Off,"The Park, Hyderabad",4.4
Chef Inam's Steak House,"Barbeque, American",1800,10% Off + 25% Off,"Banjara Hills, Hyderabad",5.0
The Octagon Cafe,European,1600,10% Off + 25% Off,"Banjara Hills, Hyderabad",4.0
Harry's The Pub,"Cocktail Menu, Finger Food",1400,35% Off + 25% Off,"Aditya Park, Hyderabad",4.8
Flurys,Bakery,1000,10% Off + 25% Off,"Road No. 7, Banjara Hills, Hyderabad  ",5.0
Kasuall,Multicuisine,1200,50% Off + 25% Off,"Somajiguda, Hyderabad",3.5
Alfi's Kitchen,Bakery,300,10% Off + 25% Off,"Banjara Hills, Hyderabad",4.0
Cayenne,Multicuisine,2000,40% Off + 25% Off,Mercure Hyderabad KCP,4.3
"Tre forni, Italian Restaurant & Bar","Italian, Pizza",4000,25% Off + 25% Off,"Park Hyatt, Hyderabad",4.0
Kabul Darbar,"Arabian, Afghani",1000,10% Off + 25% Off,"Tolichowki, Hyderabad",3.9
Ohri's Cake Nation,Bakery,800,10% Off + 25% Off,"Banjara Hills, Hyderabad  ",1.0
Lemerian Workin Cafe,Multicuisine,800,10% Off + 25% Off,"Road No. 12, Banjara Hills, Hyderabad",5.0
Hard Rock Cafe,Multicuisine,1800,30% Off + 25% Off,"GVK One Mall, Banjara Hills",4.2
Bourbon & Breeze,Multicuisine,1500,50% Off + 25% Off,"Banjara Hills, Hyderabad",4.1
Bar 41,"Cocktail Menu, Finger Food",2000,25% Off :Payeazy,"Radisson Blu Plaza Hotel, Hyderabad",4.5
Holy Basil,Pan Asian,1200,25% Off :Payeazy,"Radisson Blu Plaza Hotel, Hyderabad",4.5
Verandah,Multicuisine,2500,35% Off + 25% Off,"The Park, Hyderabad",4.5
Chill and Terrace,"Indian, European",1500,25% Off :Payeazy,"Radisson Blu Plaza Hotel, Hyderabad",3.9
Blu Café Lounge,"Bakery, Cafe",900,25% Off :Payeazy,"Radisson Blu Plaza Hotel, Hyderabad",4.3
Serai Kitchen's,Multicuisine,1600,40% Off + 25% Off,"Hotel Deccan Serai, Hyderabad",3.4
By The Bay,"Cocktail Menu, Multicuisine",1200,10% Off + 25% Off,"Necklace Road, Hyderabad",4.2
Kuchipudi,South Indian,1000,50% Off + 25% Off,"Katriya Hotels, Hyderabad",3.8
Wow! China Bistro,Chinese,600,25% Off :Payeazy,"Banjara Hills, Hyderabad  ",1.0
Tulips,Multicuisine,1500,10% Off + 25% Off,Hotel GreenPark,4.3
AnTeRa Kitchen & Bar,South Indian,1500,10% Off + 25% Off,"Gachibowli, Hyderabad  ",4.3
The Waterfront Bar & Grill,"Chinese, Indian",1200,15% Off + 25% Off,"Necklace Road, Hyderabad",2.7
MoXa Kitchen,Multicuisine,1300,35% Off + 25% Off,"Jubilee Hills, Hyderabad",4.2
Masala Republic by Dadu's,Multicuisine,1100,30% Off + 25% Off,"Banjara Hills, Hyderabad  ",4.4
Tolly Junction Rest O Bar,Multicuisine,1000,15% Off + 25% Off,"Banjara Hills, Hyderabad",4.0
Bel Posto The Cafe,Multicuisine,800,30% Off + 25% Off,"Road No. 36, Jubilee Hills, Hyderabad",4.5
Rasa by Ashoka,Indian,1500,25% Off + 25% Off,"Best Western Ashoka, Hyderabad",4.6
MOB - Belgium Beer House,Multicuisine,1500,10% Off + 25% Off,"Film Nagar, Hyderabad",4.0
Palace Heights,Multicuisine,1500,30% Off + 25% Off,"Road No. 12, Banjara Hills, Hyderabad",4.1
Mandi King Elite Arabian Restaurant,Arabian,1000,10% Off + 25% Off,"Tolichowki, Hyderabad",4.2
Promenade,Multicuisine,1000,35% Off + 25% Off,"Aditya Park, Hyderabad",4.1
Chili’s Grill & Bar,Tex-Mex,1500,15% Off + 25% Off,"Banjara Hills, Hyderabad  ",3.8
Sam's Pizza,"Pizza, Italian",700,15% Off + 25% Off,"Jubilee Hills, Hyderabad",4.0
Heart Cup Coffee,Multicuisine,2000,30% Off + 25% Off,"Kompally, Hyderabad",4.7
TOS Club & Lounge,Multicuisine,1000,15% Off + 25% Off,"Banjara Hills, Hyderabad",3.2
Insomnia,"Finger Food, Cocktail Menu",1500,20% Off + 25% Off,"Road No. 36, Jubilee Hills, Hyderabad",4.0
Melange,Multicuisine,2200,30% Off + 25% Off,The Golkonda Hotel,4.0
Aura Nightclub,Multicuisine,1800,50% Off + 25% Off,"Madhapur, Hyderabad",3.0
Bikanervala,Multicuisine,1200,10% Off + 25% Off,"Bikanervala Boutique, Hyderabad  ",4.7
Zouq,Turkish,600,10% Off + 25% Off,"Road No. 2, Banjara Hills, Hyderabad",3.9
10 Biryanis,"Mughlai, North Indian",1200,20% Off + 25% Off,"Jubilee Hills, Hyderabad",5.0
Rayalaseema Ruchulu,"Andhra, South Indian",800,10% Off + 25% Off,"Ameerpet, Hyderabad  ",4.5
Rium Cafe,"Chinese, Continental",1200,50% Off + 25% Off,"Banjara Hills, Hyderabad",3.2
Ice N Spice,"North Indian, South Indian",750,30% Off + 25% Off,Hotel Inner Circle,4.0
Zanzi Bar,"Finger Food, Cocktail Menu",1900,25% Off + 25% Off,The Golkonda Hotel,5.0
Barbeque Nation,"Multicuisine, Barbeque",2000,25% Off :Payeazy,"Road No. 1, Banjara Hills, Hyderabad  ",4.5
Zega,"Sushi, Pan Asian, Asian",3000,30% Off + 25% Off,Sheraton Hyderabad Hotel,4.5
Arambham - Flavours of South,Multicuisine,350,15% Off + 25% Off,"Nanakramguda, Hyderabad  ",4.0
Seventh Heaven,Multicuisine,1500,10% Off + 25% Off,"Panjagutta, Hyderabad  ",4.4
Jewel of Nizam,Indian,2200,20% Off + 25% Off,The Golkonda Hotel  ,3.8
Kebabs & Kurries,Indian,3400,10% Off + 25% Off,ITC Kakatiya,4.8
Cuiscent,Multicuisine,600,25% Off + 25% Off,"Lakdikapul, Hyderabad",3.5
Once Upon A Time,Indian,2000,50% Off + 25% Off,Hotel GreenPark,4.3
Hydrate The Bar,"Finger Food, Cocktail Menu",1100,20% Off + 25% Off,"Hampshire Plaza Hotel, Hyderabad",4.0
Cassia,Multicuisine,1200,20% Off + 25% Off,"Hampshire Plaza Hotel, Hyderabad",3.8
Punjab Grill,North Indian,1100,30% Off + 25% Off,"Sarath City Capital Mall, Kondapur  ",3.4
24/7 Gallery Café,Multicuisine,1500,20% Off + 25% Off,Hyatt Place Hyderabad Banjara Hills,3.5
Kismet,"Cocktail Menu, Finger Food",3000,30% Off + 25% Off,"The Park, Hyderabad",2.6
Platform,Multicuisine,800,25% Off + 25% Off,"Kompally, Hyderabad  ",654.3
The Terrace,Multicuisine,1800,40% Off + 25% Off,Mercure Hyderabad KCP,5.0
Medley - Pure Vegetarian,Multicuisine,1000,20% Off + 25% Off,"Jubilee Hills, Hyderabad",4.5
Mairu Bistro,Cafe,1000,50% Off + 25% Off,"Jubilee Hills, Hyderabad",4.3
Solcito,Multicuisine,5000,25% Off :Payeazy,The Leela Hyderabad,4.0
Fiesta Multi Cuisine Restaurant,Multicuisine,900,35% Off + 25% Off,"Shamirpet, Hyderabad",4.0
Pi,Multicuisine,2000,25% Off + 25% Off,"Hotel Avasa, Hyderabad",3.5
AB's - Absolute Barbecues,"Barbeque, Multicuisine",1850,Free Cocktail or Mocktail + 25% Off,"Road No. 1, Banjara Hills, Hyderabad  ",4.5
Ajwa Arabian Mandi Multi Cuisine Restaurant,Multicuisine,700,15% Off + 25% Off,"Road No. 12, Banjara Hills, Hyderabad",4.0
Sattvam,Multicuisine,1700,25% Off :Payeazy,"Road No. 2, Banjara Hills, Hyderabad",4.0
Destination Cafe,Italian,700,30% Off + 25% Off,"Kukatpally, Hyderabad",5.0
Raise The Bar,Multicuisine,2000,50% Off + 25% Off,"Gachibowli, Hyderabad",3.5
Lillie’s - The Boho Cafe,Continental,1000,25% Off :Payeazy,"Jubilee Hills, Hyderabad",5.0
Kinara Grand,Multicuisine,1000,20% Off + 25% Off,"Ameerpet, Hyderabad",4.0
EKAA - A Harmony Of Flavours,Multicuisine,800,20% Off + 25% Off,"Banjara Hills, Hyderabad",4.0
Cu2 Brewhouse,Multicuisine,2000,40% Off + 25% Off,"Kokapet, Hyderabad",4.4
Sync Resto Bar,Indian,1300,15% Off + 25% Off,"Best Western Ashoka, Hyderabad",4.8
Hooch- Club & Kitchen,Multicuisine,1800,55% Off + 25% Off,"Banjara Hills, Hyderabad",1.0
Casbah,Mediterranean,2500,25% Off + 25% Off,The Westin Hyderabad Mindspace,1.8
Wisphot,Finger Food,500,20% Off + 25% Off,"Punjagutta, Hyderabad  ",4.0
Dakshin,South Indian,3400,10% Off + 25% Off,ITC Kakatiya,4.3
The Sicca Bar,"Finger Food, Cocktail Menu",1800,30% Off + 25% Off,"The Park, Hyderabad",1.0
TTeokBoKKi,"Japanese, Korean",1000,30% Off + 25% Off,"Gachibowli, Hyderabad",5.0
Flavours,,800,30% Off + 25% Off,"Ameerpet, Hyderabad",4.0
Harley's Fine Baking,"Cafe, Bakery",600,20% Off + 25% Off,"Peeramcheru, Hyderabad  ",4.9
Deccan Pavilion,Multicuisine,2600,10% Off + 25% Off,ITC Kakatiya,3.6
Onesta,Italian,600,20% Off + 25% Off,"Road No. 1, Banjara Hills, Hyderabad  ",4.0
By The Bottle,"Chinese, North Indian, Continental",1000,50% Off + 25% Off,"Jubilee Hills, Hyderabad",3.5
Dakshin Haveli,South Indian,400,25% Off + 25% Off,"Banjara Hills, Hyderabad",4.0
Little Italy,"Mexican, Italian",1500,10% Off + 25% Off,"Jubilee Hills, Hyderabad  ",4.0
Milano Ice Cream,Ice Cream,400,10% Off + 25% Off,"Jubilee Hills, Hyderabad",4.2
Kritunga The Palegars Cuisine,Multicuisine,1200,10% Off + 25% Off,"Somajiguda, Hyderabad",3.3
Nataka Global Kitchen And Cafe,Multicuisine,1500,20% Off + 25% Off,"Jubilee Hills, Hyderabad",4.1
Tabla,Multicuisine,1333,20% Off + 25% Off,"Banjara Hills, Hyderabad  ",4.2
Krishna's Kitchen,South Indian,1400,10% Off + 25% Off,"Madhapur, Hyderabad",4.6
Mamagoto,"Pan Asian, Asian",1200,20% Off + 25% Off,"Kondapur, Hyderabad  ",4.2
Punjabi Affair,Multicuisine,1100,30% Off + 25% Off,"Madhapur, Hyderabad  ",4.2
Ming Ustad,"Indian, Chinese",1500,25% Off + 25% Off,"Hitech City, Hyderabad",4.6
Wow! Momo,Momos,400,15% Off + 25% Off,"Somajiguda, Hyderabad  ",5.0
Flechazo,Multicuisine,1800,30% Off + 25% Off,"Kukatpally, Hyderabad  ",3.8
The House Of Koyilaa,Multicuisine,800,30% Off + 25% Off,"Madhapur, Hyderabad",4.0
Yummy Bee Khajaguda,Cafe,1000,25% Off + 25% Off,"Khajaguda, Hyderabad",2.5
Food Exchange,"Cocktail Menu, Multicuisine",2500,50% Off + 25% Off,Novotel Hyderabad Convention Centre  ,4.4
Sip N Screen Cafe,Multicuisine,500,20% Off + 25% Off,"Hafeezpet, Hyderabad",5.0
Tiga,Pan Asian,3500,25% Off :Payeazy,The Leela Hyderabad,4.0
The Gourmet Affair,Multicuisine,600,15% Off + 25% Off,"Punjagutta, Hyderabad",4.0
Fat Boy's Burger,Multicuisine,400,15% Off + 25% Off,"Padmarao Nagar, Hyderabad",4.0
The Fifth Street,Multicuisine,1000,15% Off + 25% Off,"Jubilee Hills, Hyderabad",4.0
Fat Tiger,"Beverages, European",400,15% Off + 25% Off,"Banjara Hills, Hyderabad",4.0
Heart Cup Coffee,Multicuisine,1600,20% Off + 25% Off,"Gachibowli, Hyderabad  ",3.9
Am Aha Telugu Kitchen and Bar,"South Indian, Multicuisine",1000,20% Off + 25% Off,"Inorbit Mall Cyberabad, Madhapur",4.2
Saffron Restaurant,North Indian,1200,15% Off + 25% Off,"Jubilee Hills, Hyderabad",3.6
Ironhill cafe,Multicuisine,400,20% Off + 25% Off,"Gachibowli, Hyderabad",4.0
Indus,Multicuisine,1500,25% Off + 25% Off,"Ellaa Hotels, Hyderabad",4.2
The Labyrinth Lakefront,Continental,1100,10% Off + 25% Off,"Gandipet, Hyderabad",4.5
Vivaha Bhojnambu,"South Indian, Andhra",1400,25% Off + 25% Off,"Secunderabad, Hyderabad  ",3.5
Ping's Café Orient,Pan Asian,1800,10% Off + 25% Off,"Banjara Hills, Hyderabad",4.0
Garage Moto Cafe,Multicuisine,800,10% Off + 25% Off,"Jubilee Hills, Hyderabad",4.0
Saz Pizzeria,European,1000,10% Off + 25% Off,"Banjara Hills, Hyderabad",4.0
Candy cloud factory,"Fast Food, Beverages, Desserts",300,10% Off + 25% Off,"Banjara Hills, Hyderabad",4.0
ASF - Ancient Stone Flames BBQ & Grill,"Multicuisine, Barbeque",2400,20% Off + 25% Off,"Road No. 36, Jubilee Hills, Hyderabad  ",4.0
Kanak,Indian,4500,25% Off + 25% Off,Trident Hyderabad,4.5
Wild Rovers Sky Bar & Lounge,Finger Food,1400,25% Off + 25% Off,"Gachibowli, Hyderabad",4.4
Daily Rituals,Multicuisine,1300,20% Off + 25% Off,"Jubilee Hills, Hyderabad",4.3
Jolly Bros and Co.,"Finger Food, Cocktail Menu",1500,10% Off + 25% Off,"Banjara Hills, Hyderabad",3.5
Spice It,Indian,2400,50% Off + 25% Off,"Ibis Hotel, Hyderabad",3.1
The Palm Banjara,Multicuisine,800,10% Off + 25% Off,"Jubilee Hills, Hyderabad",3.0
Chirp,Multicuisine,1000,30% Off + 25% Off,"Gachibowli, Hyderabad",2.8
Verde,Italian,2000,25% Off + 25% Off,"Inorbit Mall, Hitech City",5.0
Kadali Kitchen,Indian,1000,25% Off :Payeazy,"Jubilee Hills, Hyderabad",4.8
Paradise Biryani - A Legend since,Biryani,800,15% Off + 25% Off,"Gachibowli, Hyderabad  ",19534.0
Telusa Telugu Kitchen & Bar,Indian,1600,10% Off + 25% Off,"Kokapet, Hyderabad",3.5
Southern Kitchen,South Indian,900,20% Off + 25% Off,"Gowlidoddy, Hyderabad",4.5
Alley 91 Bowling Bar,Multicuisine,1800,15% Off + 25% Off,"Financial District, Hyderabad",4.0
Desserts by Renu Jivan,Desserts,250,10% Off + 25% Off,"Banjara Hills, Hyderabad",4.0
Hazy Owl,"Cafe, Coffee",350,10% Off + 25% Off,"Somajiguda, Hyderabad",4.0
Ram's Dosa House,Cafe,250,10% Off + 25% Off,"Banjara Hills, Hyderabad",4.0
T&T - Tea and Tiffins,Cafe,300,10% Off + 25% Off,"Somajiguda, Hyderabad",4.0
Delight bakery,Bakery,300,10% Off + 25% Off,"Begumpet, Hyderabad",4.0
The Great Indian Chai,"Cafe, Coffee and Tea",300,10% Off + 25% Off,"Somajiguda, Hyderabad",4.0
Jonathan's Kitchen,Multicuisine,2800,30% Off + 25% Off,Fairfield by Marriott Hyderabad,4.3
The Game Palacio,Multicuisine,1800,25% Off + 25% Off,"Hitech City, Hyderabad",5.0
Barkaas Indo-Arabic Restaurant,Mandi,600,15% Off + 25% Off,"S R Nagar, Hyderabad  ",4.3
Aidu,South Indian,2200,15% Off + 25% Off,"Road No. 45, Jubilee Hills, Hyderabad",4.2
Lifafa Café,Italian,800,20% Off + 25% Off,"Uppal, Hyderabad",4.8
Mandi Bistro,"North Indian, Arabian",800,20% Off + 25% Off,"Raidurgam, Hyderabad",4.0
YouMee,"Pan Asian, Asian",1500,25% Off + 25% Off,"Kukatpally, Hyderabad",4.8
"TUYA – The South,Retold",South Indian,900,30% Off + 25% Off,"Jubilee Hills, Hyderabad",4.0
Kortyard Cafe,Multicuisine,1000,10% Off + 25% Off,"Jubilee Hills, Hyderabad",1.0
Hard Rock Cafe,Finger Food,1500,20% Off + 25% Off,"Hitech City, Hyderabad",4.2
Fly - Feel The High,"Cocktail Menu, Multicuisine",1400,20% Off + 25% Off,"Jubilee Hills, Hyderabad",5.0
Link Cafe,"Beverages, Fast Food, Finger Food",2000,20% Off + 25% Off,Sheraton Hyderabad Hotel,4.7
Luno Lounge Bar & Kitchen,Multicuisine,1500,50% Off + 25% Off,"Nanakramguda, Hyderabad",3.8
Malnadu Kitchen,Multicuisine,900,20% Off + 25% Off,"Kompally, Hyderabad",4.2
Shanghai Flavours Of China Town,Chinese,1000,30% Off + 25% Off,"Begumpet, Hyderabad",4.0
Underdoggs,Multicuisine,2100,25% Off + 25% Off,"Raidurgam, Hyderabad",5.0
Cafe Baatakani,Multicuisine,1000,30% Off + 25% Off,"L B Nagar, Hyderabad",4.5
Mindspace Social,Multicuisine,2000,20% Off + 25% Off,"Hitech City, Hyderabad",3.9
Makau,Asian,2000,30% Off + 25% Off,"Jubilee Hills, Hyderabad",5.0
Golden Pavilion,Multicuisine,1500,10% Off + 25% Off,"Banjara Hills, Hyderabad",2.7
Barbeque Spice,Barbeque,1500,15% Off + 25% Off,"Abids, Hyderabad",3.8
The Gallery Cafe,Continental,900,15% Off + 25% Off,"Banjara Hills, Hyderabad",5.0
Sesame - Asian & Himalayan Cuisine,"Chinese, Desserts, Japanese, Pan Asian, Asian, Himalyan",1200,10% Off + 25% Off,"Gachibowli, Hyderabad",4.8
Feast,"Indian, Multicuisine, Western",2400,30% Off + 25% Off,Sheraton Hyderabad Hotel,4.1
Rasyumm,Multicuisine,1000,30% Off + 25% Off,"Gachibowli, Hyderabad",3.8
FEU - Dessert Bar & Kitchen,Multicuisine,1400,10% Off + 25% Off,"Jubilee Hills, Hyderabad",5.0
Basil Bistro,"Coffee, Pizza, Pasta, Biryani",500,25% Off + 25% Off,"Kompally, Hyderabad",4.0
Seasonal Tastes,Multicuisine,3000,25% Off + 25% Off,The Westin Hyderabad Mindspace,4.6
Kake Di Hatti,Multicuisine,1800,15% Off + 25% Off,"Road No. 36, Jubilee Hills, Hyderabad",4.7
TGI Friday's,Multicuisine,2500,25% Off + 25% Off,"Kukatpally, Hyderabad",4.0
Mamalola Penthouse,Multicuisine,1500,25% Off + 25% Off,"Nanakramguda, Hyderabad",4.6
Krispy Kreme,Desserts,350,15% Off + 25% Off,"Banjara Hills, Hyderabad  ",4.0
Club Fire,Multicuisine,1500,25% Off :Payeazy,"Jubilee Hills, Hyderabad",4.0
Telangana Treats,Multicuisine,700,15% Off + 25% Off,"Kothapet, Hyderabad",3.5
Squeeze @ The Lime,Multicuisine,1200,25% Off + 25% Off,The Lime Boutique Suites Hyderabad,4.3
Masterpiece,Multicuisine,3200,20% Off + 25% Off,"Gachibowli, Hyderabad",4.3
PREZMO,Continental,1400,10% Off + 25% Off,"Kokapet, Hyderabad",4.5
The Hoppery,"Cocktail Menu, European",1600,15% Off + 25% Off,"Jubilee Hills, Hyderabad",4.4
3 Bro's Buffet,Multicuisine,1400,10% Off + 25% Off,"Kompally, Hyderabad",4.5
Cups N Plates,Fast Food,900,10% Off + 25% Off,"Lakdikapul, Hyderabad",4.6
Turquoise,"European, Indian",1900,30% Off + 25% Off,Le Méridien Hyderabad,4.3
The Bedford BakeHouse & TeaRoom,"European, Italian, Bakery",1100,10% Off + 25% Off,"Banjara Hills, Hyderabad",4.5
Marco Polo Bar,Finger Food,2700,10% Off + 25% Off,ITC Kakatiya,4.3
Fusion,Multicuisine,1800,30% Off + 25% Off,"Inorbit Mall, Hitech City  ",93.5
Esthio,Italian,1150,10% Off + 25% Off,"Somajiguda, Hyderabad",4.1
Hotel Kass,Multicuisine,1200,15% Off + 25% Off,"Hotel Kass, Hyderabad",4.9
Jaaju Bar & Kitchen,South Indian,1200,20% Off + 25% Off,"Chanda Nagar, Hyderabad",4.2
Params Kitchen & Cafe,Multicuisine,600,10% Off + 25% Off,"Ameerpet, Hyderabad",4.0
Banjara9 Multi Cuisine Restaurant,Multicuisine,1000,10% Off + 25% Off,"Khairatabad, Hyderabad",4.0
Okra,Multicuisine,2500,30% Off + 25% Off,"Hyderabad Marriott Hotel & Convention Centre, Hyderabad",3.8
Deccan Cafe Restaurant,Indian,800,10% Off + 25% Off,"Park Continental, Hyderabad",4.0
Chandra Haveli,Multicuisine,800,15% Off + 25% Off,"Jubilee Hills, Hyderabad",3.0
Bharpur Multicusine Family Restaurant,Multicuisine,1000,10% Off + 25% Off,"Punjagutta, Hyderabad",4.0
Barbeque Holic,"Multicuisine, Barbeque",1500,20% Off + 25% Off,"Kondapur, Hyderabad",4.0
Jasper,Indian,2000,25% Off + 25% Off,Le Méridien Hyderabad,3.7
"Savya ,The South Indian Kitchen",South Indian,1500,30% Off + 25% Off,"Madhapur, Hyderabad",4.0
Moonlight Bar,Finger Food,1200,15% Off + 25% Off,"Best Western Ashoka, Hyderabad",2.7
Arabian Nights Mandi Restaurant,Multicuisine,600,10% Off + 25% Off,"Ameerpet, Hyderabad",3.5
Ohri's Jiva,Indian,700,10% Off + 25% Off,"Begumpet, Hyderabad  ",4.3
Le Cafe,Multicuisine,1500,50% Off + 25% Off,Novotel Hyderabad Convention Centre,4.6
Kangan,North Indian,2500,25% Off + 25% Off,The Westin Hyderabad Mindspace,4.4
Ta.Ma.Sha.  Veg Cafe Gunrock,Multicuisine,800,40% Off + 25% Off,"Secunderabad, Hyderabad",5.0
Alanati,Multicuisine,1200,25% Off :Payeazy,"Jubilee Hills, Hyderabad",4.0
Ohri's Sahib's Barbecue,Mughlai,2500,20% Off + 25% Off,"Hitech City, Hyderabad",4.0
Holi Restaurant & Bar,Multicuisine,1000,20% Off + 25% Off,"Kukatpally, Hyderabad",4.8
Kritaa Nagar,Indian,1400,20% Off + 25% Off,"Financial District, Hyderabad",4.2
Peg Bro,Multicuisine,1500,25% Off + 25% Off,"Bachupally, Hyderabad",4.2
ZING - Sky Bar + Lounge,Multicuisine,1500,25% Off :Payeazy,Hyatt Place Hyderabad Banjara Hills,4.1
Theth Masala (Gandipet),Multicuisine,1600,15% Off + 25% Off,"Gandipet, Hyderabad",4.4
The Big Star Cafe,"Coffee, Bakery",1000,25% Off :Payeazy,"Financial District, Hyderabad",4.2
Hyderabad Mandi Restaurant,Multicuisine,450,Free Beverages + 25% Off,"Yousufguda, Hyderabad",4.0
Venue Restaurant,Multicuisine,1200,20% Off + 25% Off,"Hotel Quality Inn Residency, Hyderabad",4.0
The Globe Grub,Multicuisine,1300,15% Off + 25% Off,"Road No. 36, Jubilee Hills, Hyderabad  ",4.3
Chai Point,"Cafe, Street Food",250,25% Off :Payeazy,"Banjara Hills, Hyderabad  ",5.0
Tiger Lily Coffee & Bistro,Multicuisine,1200,10% Off + 25% Off,"Nanakramguda, Hyderabad",3.5
Kyma,"Mediterranean, Asian",2000,25% Off :Payeazy,"Hitech City, Hyderabad",4.5
Amara,Multicuisine,5000,25% Off + 25% Off,Trident Hyderabad,4.5
Grill By The Pool,Multicuisine,2000,20% Off + 25% Off,"Ellaa Residence, Hyderabad",4.0
Ironhill Brewery,Multicuisine,1900,10% Off + 25% Off,"Kukatpally, Hyderabad",4.7
PVR,Fast Food,500,25% Off :Payeazy,"RK Cineplex Mall, Hyderabad  ",5.0
Samskruthi South Kitchen,South Indian,500,10% Off + 25% Off,"Kondapur, Hyderabad",4.8
Eagle Bar & Restaurant,"Finger Food, Cocktail Menu, Continental",1000,25% Off :Payeazy,"Hotel Abode, Hyderabad",5.0
Bakelore,Desserts,500,25% Off :Payeazy,"Banjara Hills, Hyderabad  ",5.0
The Sanctuary Bar and Kitchen,"Italian, North Indian, South Indian, Continental",2000,20% Off + 25% Off,"Jubilee Hills, Hyderabad",4.4
The Glass Onion,Multicuisine,1800,10% Off + 25% Off,"Gachibowli, Hyderabad",5.0
Dune- Bar & Kitchen,"Multicuisine, Cocktail Menu",1500,20% Off + 25% Off,"Jubilee Hills, Hyderabad",1.0
The Fisherman's Wharf,Multicuisine,1500,15% Off + 25% Off,"Gachibowli, Hyderabad",4.4
Kaapiya,European,600,20% Off + 25% Off,"Nanakramguda, Hyderabad",5.0
Thrivesome,European,800,30% Off + 25% Off,"Road No. 36, Jubilee Hills, Hyderabad",5.0
Frosty Den,"Desserts, Fast Food",500,35% Off + 25% Off,"Amberpet, Hyderabad",4.0
Connect,Multicuisine,1200,15% Off + 25% Off,"Jubilee Hills, Hyderabad",1.0
The Library Bar,"Finger Food, Cocktail Menu",3500,25% Off :Payeazy,The Leela Hyderabad,4.0
President Dhaba,"Chinese, North Indian",800,15% Off + 25% Off,"Madhapur, Hyderabad",3.9
Bambai Tapri - Financial District,Multicuisine,500,10% Off + 25% Off,"Nanakramguda, Hyderabad",4.8
Hashi Izakaya,"Pan Asian, Asian, Chinese, Japanese",1000,10% Off + 25% Off,"Begumpet, Hyderabad",4.5
Tiki Shack 2.0 – Rooftop Bar,Finger Food,1800,10% Off + 25% Off,"Road No. 36, Jubilee Hills, Hyderabad",4.0
MoMo Cafe,Multicuisine,2000,30% Off + 25% Off,"Courtyard By Marriott, Hyderabad",3.9
Flavours From Norway @ Raen - The Chef’s Studio,Bengali,4000,25% Off :Payeazy,The Leela Hyderabad,4.0
The Foodstories Cafe,European,1500,25% Off :Payeazy,"Banjara Hills, Hyderabad",4.0
Adi,Multicuisine,2000,25% Off :Payeazy,The Leela Hyderabad,4.0
Samjohn's Pizza,Multicuisine,1200,10% Off + 25% Off,"Kukatpally, Hyderabad  ",4.0
Rajthali,"North Indian, Rajasthani",1000,15% Off + 25% Off,"Jubilee Hills, Hyderabad  ",4.1
Chives,Multicuisine,1000,10% Off + 25% Off,"Basheer Bagh, Hyderabad",4.8
Naughty Kodi,South Indian,1500,15% Off + 25% Off,"Jubilee Hills, Hyderabad",3.5
Barley & Grapes Cafe Microbrewery,"Italian, Cocktail Menu",2000,25% Off :Payeazy,"Aero Plaza, Hyderabad",4.2
Sounds & Spirits,"Finger Food, Cocktail Menu",1200,35% Off + 25% Off,"Road No. 36, Jubilee Hills, Hyderabad",3.6
Zero,North Indian,3000,25% Off :Payeazy,"Financial District, Hyderabad  ",404.8
Blue Fox,Multicuisine,800,30% Off + 25% Off,"Madhapur, Hyderabad  ",4.0
KGF - Krishna Godavari Flavours,Multicuisine,1500,10% Off + 25% Off,"Miyapur, Hyderabad",4.3
Cascade,Multicuisine,2400,40% Off + 25% Off,Radisson Hyderabad Hitec City,3.7
The Lal Street - Bar Exchange,Multicuisine,1200,10% Off + 25% Off,"Gachibowli, Hyderabad",3.6
Pause Lounge Bar,"Finger Food, Cocktail Menu",2100,50% Off + 25% Off,"Hitech City, Hyderabad",2.7
Red Rhino Craft Brewery and Inspired Kitchen,Multicuisine,2000,10% Off + 25% Off,"Hitech City, Hyderabad",4.4
Theth Masala (Tellapur),Multicuisine,1600,15% Off + 25% Off,"Lingampally, Hyderabad",4.5
Teluguness,South Indian,800,10% Off + 25% Off,"Madhapur, Hyderabad  ",3.7
Ahoy Resto,"Italian, Continental",1700,25% Off :Payeazy,"Kompally, Hyderabad",4.0
Aroma Multi Cuisine Restaurant,Multicuisine,1200,35% Off + 25% Off,"Gachibowli, Hyderabad",3.7
Ukusa,Multicuisine,800,20% Off + 25% Off,"Jubilee Hills, Hyderabad",4.8
Ulavacharu,Multicuisine,1000,10% Off + 25% Off,"Kukatpally, Hyderabad  ",4.8
Taqila - The Club & Lounge,Multicuisine,1600,20% Off + 25% Off,"Bachupally, Hyderabad",4.2
Nasha Fine dine Bar,Multicuisine,1200,10% Off + 25% Off,"Kompally, Hyderabad",5.0
HIRO Pan Asian Bar & Kitchen,"Multicuisine, Asian",2000,25% Off + 25% Off,"Jubilee Hills, Hyderabad",4.9
Ohri's Gufaa,"Mughlai, North Indian",1500,10% Off + 25% Off,"Basheer Bagh, Hyderabad  ",4.8
Salvia,Multicuisine,800,30% Off + 25% Off,"Lingampally, Hyderabad",4.8
Fusion Aromas Multicusine Restaurant,Multicuisine,600,10% Off + 25% Off,"Serilingampalle, Hyderabad",5.0
Firestone Grill Buffet,Multicuisine,1800,20% Off + 25% Off,"Kukatpally, Hyderabad",3.3
Tiger Lily,"European, Pan Asian",2400,10% Off + 25% Off,"Jubilee Hills, Hyderabad",4.7
Saffron Soul,Multicuisine,2500,30% Off + 25% Off,"Marigold Hotel, Hyderabad",3.9
The Hole In The Wall Cafe,European,1200,15% Off + 25% Off,"Jubilee Hills, Hyderabad",2.7
House Party - The Bar and Kitchen,Multicuisine,1200,20% Off + 25% Off,"Sainikpuri, Secunderabad",4.0
Thrive Cafe,Multicuisine,800,20% Off + 25% Off,"Jubilee Hills, Hyderabad",4.0
Stellar Reserve,Multicuisine,1000,15% Off + 25% Off,"Jubilee Hills, Hyderabad",5.0
e'woke - The Vegan Cafe,"Healthy Food, Vegan",800,10% Off + 25% Off,"Sainikpuri, Secunderabad",4.7
Rü,"Pan Asian, Indian",3000,20% Off + 25% Off,"Jubilee Hills, Hyderabad",4.0
Altitude,"Finger Food, Cocktail Menu",1800,30% Off + 25% Off,"Hyderabad Marriott Hotel & Convention Centre, Hyderabad",4.8
Mezbaan - Authentic Vegetarian Restaurant,Multicuisine,1000,10% Off + 25% Off,"S P Road, Hyderabad",4.1
Sorrel,Multicuisine,900,10% Off + 25% Off,"Madhapur, Hyderabad",4.5
Kritunga Restaurant,Multicuisine,800,10% Off + 25% Off,"Pragathinagar, Hyderabad",4.0
The Huddle Bar & Kitchen,Multicuisine,2000,20% Off + 25% Off,"Puppalguda, Hyderabad",4.0
Punjabi Swag,"North Indian, Chinese",800,20% Off + 25% Off,"Kondapur, Hyderabad",4.8
Airlive,Multicuisine,1500,50% Off + 25% Off,"Sarath City Capital Mall, Kondapur  ",2.3
Tabla Restaurant,Multicuisine,1000,20% Off + 25% Off,"Kukatpally, Hyderabad",4.4
Amritsar Haveli,Multicuisine,1500,10% Off + 25% Off,"Abids, Hyderabad",5.0
Sky100 Kitchen & Bar,Multicuisine,1200,30% Off + 25% Off,"Madhapur, Hyderabad",4.0
Utishta Pure Veg,Indian,700,15% Off + 25% Off,"Jubilee Hills, Hyderabad",4.9
Pandaga,South Indian,1000,15% Off + 25% Off,"Kondapur, Hyderabad",3.8
US Pizza,Pizza,800,35% Off + 25% Off,"Amberpet, Hyderabad  ",3.7
Taco Bell,"Mexican, Tex-Mex",550,25% Off :Payeazy,"Panjagutta, Hyderabad  ",1.0
The Majlis Culture Cuisine,Arabian,1200,10% Off + 25% Off,"Khayyam Nagar, Hyderabad, Hyderabad",4.4
Black Pearl,Multicuisine,800,30% Off + 25% Off,"Hotel Central Park, Hyderabad",4.0
Signature Grills,Indian,1400,25% Off :Payeazy,"Thrill City, Necklace Road",4.2
Ta.Ma.Sha Veg Cafe,Multicuisine,800,15% Off + 25% Off,"Abids, Hyderabad",4.0
The Bowl Rise,South Indian,800,35% Off + 25% Off,"Sunrise Business Hotel, Hyderabad",4.0
The Glass House,Progressive Indian Cuisine,1500,25% Off + 25% Off,"Road No. 45, Jubilee Hills, Hyderabad",4.2
Hoy Punjab,North Indian,1200,25% Off + 25% Off,"Gachibowli, Hyderabad",4.3
TG's The Oriental Grill,"Japanese, oriental",2000,30% Off + 25% Off,Hyatt Hyderabad Gachibowli,4.0
Lakshmi's United Kitchen,Multicuisine,1000,25% Off + 25% Off,"Madhapur, Hyderabad",3.9
Milano Pizza,Italian,1000,10% Off + 25% Off,"Jubilee Hills, Hyderabad",4.5
Amoroso,Multicuisine,1000,30% Off + 25% Off,"Jubilee Hills, Hyderabad",4.0
Native Katha,Multicuisine,600,30% Off + 25% Off,"Madhapur, Hyderabad",4.4
Thinespo,"Italian, Multicuisine",1200,10% Off + 25% Off,"Kompally, Hyderabad",4.6
La Milano Pizzeria,Italian,600,25% Off + 25% Off,"Himayath Nagar, Hyderabad",5.0
Yummy Bee,Cafe,1500,20% Off + 25% Off,"Jubilee Hills, Hyderabad  ",4.0
Mandi King Delite Arabian Restaurant,"Chinese, Arabian",600,10% Off + 25% Off,"Himayath Nagar, Hyderabad",5.0
Devara Multicuisine Restaurant,Multicuisine,500,20% Off + 25% Off,"Tolichowki, Hyderabad",4.0
Yummy Bee Kondapur,Cafe,1000,10% Off + 25% Off,"Kondapur, Hyderabad",4.5
Bidri - Hyderabad Marriott Hotel & Convention Centre,North Indian,1800,25% Off + 25% Off,"Hyderabad Marriott Hotel & Convention Centre, Hyderabad",4.3
DASARA,South Indian,1200,10% Off + 25% Off,"Jubilee Hills, Hyderabad",4.0
Kritunga - The Palegar's Cuisine,"Chinese, Indian",900,25% Off + 25% Off,"Kondapur, Hyderabad  ",3.9
ILLU The Restaurant,South Indian,1200,15% Off + 25% Off,"Jubilee Hills, Hyderabad",4.8
Terrai - Neo Telangana Kitchen & Bar,Regional Indian,2000,10% Off + 25% Off,"Hitech City, Hyderabad",4.0
Good Vibes Only Cafe,"Italian, Fast Food",1000,10% Off + 25% Off,"Manikonda, Hyderabad",4.4
La Vie En Rose Cafe,European,800,10% Off + 25% Off,"Gachibowli, Hyderabad  ",4.8
Chandigarh Dhaba,North Indian,800,10% Off + 25% Off,"Kondapur, Hyderabad",4.5
Rangularatnam Telugu Kitchen,South Indian,1200,40% Off + 25% Off,"Jubilee Hills, Hyderabad",2.0
Vaikuntapuram Restaurant,Multicuisine,1000,10% Off + 25% Off,"Kondapur, Hyderabad",4.2
Zindagi - Sky Bar & Kitchen,Multicuisine,2100,25% Off + 25% Off,"Jubilee Hills, Hyderabad",4.5
DEE The Bar,Multicuisine,1600,20% Off + 25% Off,"Secunderabad, Hyderabad",5.0
The Mandi Nation,Arabian,800,25% Off + 25% Off,"Balanagar, Hyderabad",3.6
Toast & Tonic Lounge,Multicuisine,1200,50% Off + 25% Off,"Manikonda, Hyderabad",3.0
Noho,"Pan Asian, Asian",3000,10% Off + 25% Off,"Road No. 45, Jubilee Hills, Hyderabad",4.3
WAH MANDI,Mandi,1200,10% Off + 25% Off,"Kondapur, Hyderabad",4.2
The Oriental Blossom,Chinese,2000,40% Off + 25% Off,Radisson Hyderabad Hitec City,3.9
Rebel & Rye Bar & Kitchen,Multicuisine,1600,40% Off + 25% Off,"Film Nagar, Hyderabad",4.0
Abana Club & Kitchen,Multicuisine,1500,30% Off + 25% Off,"Gachibowli, Hyderabad",3.5
Mainland China,Chinese,1600,15% Off + 25% Off,"Madhapur, Hyderabad  ",4.4
Renao Cafe & Bistro,Multicuisine,1200,25% Off + 25% Off,"Madhapur, Hyderabad",3.9
Mirell - The Vegetarian Voyage,Multicuisine,1000,10% Off + 25% Off,"Road No. 45, Jubilee Hills, Hyderabad",4.6
Citrus Cafe,"Indian, European",2000,50% Off + 25% Off,"Lemon Tree Premier, Hyderabad  ",4.2
Mamanori,"Pan Asian, Asian",1800,35% Off + 25% Off,"Ellaa Residence, Hyderabad",4.5
House Of Chefs,Multicuisine,800,20% Off + 25% Off,"Gachibowli, Hyderabad",4.0
Tamasha - Restro Cafe,"Korean, Thai, Asian, Continental",800,30% Off + 25% Off,"Jubilee Hills, Hyderabad",4.3
Abids Bistro,Multicuisine,1200,30% Off + 25% Off,"Royalton Hotel, Hyderabad",4.4
Brewbite Bistro,Multicuisine,1000,35% Off + 25% Off,"Madhapur, Hyderabad",1.0
Delicia - Multicuisine Restaurant,Multicuisine,600,40% Off + 25% Off,"Gachibowli, Hyderabad",4.3
The Golden Barrel Bar N Pub,Multicuisine,1000,30% Off + 25% Off,"Bachupally, Hyderabad",4.0
Soul Of South,South Indian,800,10% Off + 25% Off,"Nanakramguda, Hyderabad",5.0
Tales of Telugu,South Indian,1400,20% Off + 25% Off,"Madhapur, Hyderabad",3.5
Naatu Kitchen and Bar,South Indian,1200,10% Off + 25% Off,"Road No. 36, Jubilee Hills, Hyderabad",4.3
Deccan Kitchen,"Hyderabadi, Mughlai",1500,25% Off + 25% Off,"Film Nagar, Hyderabad",4.0
The Kadai Story,Multicuisine,500,10% Off + 25% Off,"Nagole, Hyderabad",2.5
Fursat Kitchen & Bar,Multicuisine,1500,15% Off + 25% Off,"Madhapur, Hyderabad",3.7
Trio Bistro,Cafe,700,10% Off + 25% Off,"Kondapur, Hyderabad",5.0
Amnesia Sky Bar,Multicuisine,1500,15% Off + 25% Off,"Inorbit Mall, Hitech City",3.8
Maharaja Express Train Restaurant,Multicuisine,1200,10% Off + 25% Off,"Secunderabad, Hyderabad",4.7
Chubby Cho,"Pan Asian, Asian",1200,10% Off + 25% Off,"Road No. 45, Jubilee Hills, Hyderabad",4.5
Robo Headquaters,Multicuisine,899,25% Off + 25% Off,"Kukatpally, Hyderabad",4.0
Kisscoff Cafe,European,2000,25% Off :Payeazy,"Film Nagar, Hyderabad",4.0
Foo Inorbit,"Asian, Chinese",2000,Cover Charge + 25% Off,"Inorbit Mall Cyberabad, Madhapur",4.8
Post Card Global Tapas Bar,Tapas,1400,20% Off + 25% Off,"Madhapur, Hyderabad",4.6
7 Sisters,"Himalyan, Pan Asian",600,30% Off + 25% Off,"Prism Mall, Gachibowli",4.0
TuGo - Turpu Godavari,Multicuisine,1200,15% Off + 25% Off,"Jubilee Hills, Hyderabad",4.8
Vivaha Bhojanambu,Indian,1400,10% Off + 25% Off,"Jubilee Hills, Hyderabad",4.2
KOKO Hyderabad,"Chinese, Pan Asian, Asian",3500,Cover Charge + 25% Off,"Hitech City, Hyderabad",4.8
Permit To Grill,Continental,1800,30% Off + 25% Off,Novotel Hyderabad Convention Centre,4.0
The Funnel Hill Creamery,"Cafe, Bakery",1300,10% Off + 25% Off,"Begumpet, Hyderabad",4.2
When in Rome : Authentic Italian Streetfood,"European, Italian",800,15% Off + 25% Off,"Gachibowli, Hyderabad",4.8
Chama Gaucha,Multicuisine,2200,40% Off + 25% Off,Radisson Hyderabad Hitec City,4.1
Istham Kitchen,South Indian,1200,20% Off + 25% Off,"Gachibowli, Hyderabad",4.1
Dhaba - Estd 1986 Delhi,North Indian,1100,20% Off + 25% Off,"Kondapur, Hyderabad",4.3
Veto Bar & Kitchen,"Cocktail Menu, Multicuisine",1800,30% Off + 25% Off,"Kondapur, Hyderabad",5.0
Ala Jubilee Lo - Telugu Kitchen & Bar,Finger Food,1800,10% Off + 25% Off,"Road No. 36, Jubilee Hills, Hyderabad",4.0
3 Bears Cafe,Multicuisine,1000,15% Off + 25% Off,"Financial District, Hyderabad",5.0
Minerva Coffee Shop,Multicuisine,1200,30% Off + 25% Off,"Huda Techno Enclave, Hyderabad  ",3.8
Little Bittle,"Fast Food, Continental",800,25% Off + 25% Off,"Thrill City, Necklace Road",4.5
Patangg - Vegetarian Delight,Multicuisine,1000,25% Off :Payeazy,"Kacheguda, Hyderabad",4.7
Oh! Calcutta,Multicuisine,1600,10% Off + 25% Off,"Madhapur, Hyderabad",4.2
Adhirat Pure Veg,Multicuisine,1000,10% Off + 25% Off,"Madhapur, Hyderabad",3.0
Cafe Delhi Heights,Multicuisine,1000,20% Off + 25% Off,"Inorbit Mall Cyberabad, Madhapur",4.1
ANTHM,Multicuisine,1900,20% Off + 25% Off,"Financial District, Hyderabad",3.0
The Manohar Coffee Shop,Multicuisine,1200,10% Off + 25% Off,"The Manohar, Hyderabad",4.0
The Airawat Kitchen,"Chinese, South Indian",800,20% Off + 25% Off,"Hafeezpet, Hyderabad",5.0
Coal Spark,Multicuisine,800,10% Off + 25% Off,"Gachibowli, Hyderabad",3.3
Komatose,Multicuisine,1500,15% Off + 25% Off,Fairfield by Marriott Hyderabad,4.2
Aroma Of Dakshin,Multicuisine,1600,10% Off + 25% Off,"Nanakramguda, Hyderabad",4.7
Co Canada Kitchens,Multicuisine,1200,20% Off + 25% Off,"Gachibowli, Hyderabad",4.8
Simply South,South Indian,1200,10% Off + 25% Off,"Jubilee Hills, Hyderabad  ",5.0
PA PA YA,Multicuisine,2000,20% Off + 25% Off,"Jubilee Hills, Hyderabad",5.0
Scotchman,Multicuisine,1000,25% Off + 25% Off,"Royalton Hotel, Hyderabad",4.0
Hotel Mayukha Jungle Theme Restaurant,Multicuisine,1000,10% Off + 25% Off,"Kukatpally, Hyderabad",3.5
Thyme & Whisk,Multicuisine,1400,10% Off + 25% Off,"Jubilee Hills, Hyderabad",4.4
Pavilion,Multicuisine,800,25% Off + 25% Off,The Peerless Inn,3.8
Globe Buffetio,Multicuisine,1800,15% Off + 25% Off,"Nanakramguda, Hyderabad",3.4
De Chocolatier,"Bakery, European",500,40% Off + 25% Off,"Gachibowli, Hyderabad",5.0
Trinca Cafe & Bistro,Indian,1000,10% Off + 25% Off,"Shankarpally, Hyderabad",5.0
Antervedi Telugu Kitchen And Bar,South Indian,1400,30% Off + 25% Off,"Kondapur, Hyderabad",4.0
Ahwana Bar & Kitchen,South Indian,1400,15% Off + 25% Off,"Kokapet, Hyderabad",4.5
KNOX Club & Kitchen.,Multicuisine,1500,50% Off + 25% Off,"Road No. 36, Jubilee Hills, Hyderabad",4.0
Butterfly High,Multicuisine,2000,25% Off :Payeazy,"Hitech City, Hyderabad",5.0
Pandem Punju,"Mughlai, North Indian, South Indian",800,30% Off + 25% Off,"Jubilee Hills, Hyderabad",4.0
Nidhi Ki Rasoi Se,North Indian,1000,10% Off + 25% Off,"Nallagandla, Hyderabad",4.3
Zaatar Arabian Mandi Restaurant NH,"Chinese, Mandi",800,10% Off + 25% Off,"Vanasthalipuram, Hyderabad",654.5
Whistling Brew,Multicuisine,1000,25% Off :Payeazy,"Jeedimetla, Hyderabad",4.9
Jathara,South Indian,1000,15% Off + 25% Off,"Jubilee Hills, Hyderabad",4.4
Anthara Cafe,Continental,800,20% Off + 25% Off,"Nizampet, Hyderabad",4.0
Amora Tapas,"Multicuisine, Continental",1200,20% Off + 25% Off,"Ellaa Residence, Hyderabad",4.0
Beyond Sushi,"Sushi, Asian",1000,15% Off + 25% Off,"Khajaguda, Hyderabad",5.0
1989 Milkshakes,Milkshakes,500,30% Off + 25% Off,"Madhapur, Hyderabad  ",5.0
Naidu Gari Kunda Biryani,Multicuisine,700,10% Off + 25% Off,"S R Nagar, Hyderabad",4.5
Moai Kitchen,Multicuisine,1800,25% Off :Payeazy,"Financial District, Hyderabad",4.2
1989 Pizza & Thick Shake's,"Milkshakes, Pizza",500,30% Off + 25% Off,"Madhapur, Hyderabad  ",4.7
Kake Di Hatti,North Indian,2000,15% Off + 25% Off,"Chanda Nagar, Hyderabad",3.5
Terra Cafe,Multicuisine,1100,20% Off + 25% Off,"Jubilee Hills, Hyderabad",3.3
Mythus Brewpub & Kitchen,Multicuisine,1500,10% Off + 25% Off,"Narsingi, Hyderabad",5.0
Wow! Chicken,Fast Food,300,15% Off + 25% Off,"Forum Sujana Mall, Kukatpally  ",4.5
RAGE Club & Kitchen,Multicuisine,800,50% Off + 25% Off,"Jubilee Hills, Hyderabad",4.0
Peshawri,North West Frontier,3000,10% Off + 25% Off,"ITC Kohenur, Hyderabad",4.6
Sabr Lounge & Bar,"Cocktail Menu, Finger Food",1500,25% Off + 25% Off,"Kokapet, Hyderabad",4.0
Narthanasala Restaurant,Multicuisine,1000,20% Off + 25% Off,"Kondapur, Hyderabad",4.5
Bezawada Junction,Indian,1000,15% Off + 25% Off,"Kondapur, Hyderabad",4.2
Kalingapatnam Restaurant,Multicuisine,800,25% Off :Payeazy,"Manikonda, Hyderabad",1.0
Special,"South Indian, Biryani",1000,25% Off :Payeazy,"Kondapur, Hyderabad",95.0
Dakshin Kitchen,Multicuisine,600,15% Off + 25% Off,"Hotel La Premier, Hyderabad",4.0
Anthe Kitchen,Multicuisine,1200,15% Off + 25% Off,"Hitech City, Hyderabad",3.3
Jamming Goat 3.,Multicuisine,1200,10% Off + 25% Off,"Kokapet, Hyderabad",02.8
Mekong,"Chinese, Pan Asian, Asian",3500,10% Off + 25% Off,"Hitech City, Hyderabad  ",5.0
HABIBI JAIL MANDI,"Arabian, Mandi",600,10% Off + 25% Off,"Manikonda, Hyderabad",5.0
East & West Kitchen,Multicuisine,350,25% Off :Payeazy,"Kukatpally, Hyderabad",5.0
Plan B,Multicuisine,1000,15% Off + 25% Off,"Begumpet, Hyderabad",4.0
Prego,"Italian, Cocktail Menu",3500,25% Off + 25% Off,The Westin Hyderabad Mindspace,4.5
Barkaas Indo-Arabic Restaurant,"Arabian, North Indian",1000,20% Off + 25% Off,"Gachibowli, Hyderabad",5.0
Smaaash C2H5OH Bowling Sports Bar,Multicuisine,1300,15% Off + 25% Off,"Hitech City, Hyderabad",4.0
Raja Bhojanam - An Authentic Telugu Restaurant,Indian,1000,25% Off + 25% Off,"Gachibowli, Hyderabad",3.8
Theeram Kitchen,Multicuisine,800,20% Off + 25% Off,"Jubilee Hills, Hyderabad",4.0
Simhapuri,Multicuisine,1200,10% Off + 25% Off,"Hitech City, Hyderabad",4.1
Bagara 7 Restaurant,Multicuisine,900,10% Off + 25% Off,"Secunderabad, Hyderabad",1.0
The Rabbit Hole,Multicuisine,1500,40% Off + 25% Off,"Kokapet, Hyderabad",5.0
1989 Burger,Burgers,500,30% Off + 25% Off,"Uppal, Hyderabad",5.0
Alehouse - Kondapur,Multicuisine,1600,10% Off + 25% Off,"Hitech City, Hyderabad",4.0
J Brews Cafe,Continental,500,10% Off + 25% Off,"Madhapur, Hyderabad",4.0
Cuisinekraft,Multicuisine,1000,20% Off + 25% Off,"Gachibowli, Hyderabad",4.4
Teluguthanam,Indian,500,25% Off :Payeazy,"Moula Ali, Secunderabad",5.0
Punjabi's Swag,"North Indian, Chinese",600,20% Off + 25% Off,"Secunderabad, Hyderabad",5.0
PR Biryani,Multicuisine,650,10% Off + 25% Off,"Habsiguda, Hyderabad",4.8
Ala Dakshinapuramlo,South Indian,600,10% Off + 25% Off,"Hitech City, Hyderabad",4.2
En Lukx Lounge And Sky Bar,Multicuisine,1200,40% Off + 25% Off,"Madhapur, Hyderabad",4.3
Zyng,Multicuisine,2000,20% Off + 25% Off,Radisson Hyderabad Hitec City,4.4
Ichata kitchen And Bar,"South Indian, Cocktail Menu",1200,20% Off + 25% Off,"Jubilee Hills, Hyderabad",5.0
Bahar Cafe,"Indian, Chinese",950,10% Off + 25% Off,"Hafeezpet, Hyderabad  ",4.2
The Veg Venjan,Multicuisine,1500,25% Off :Payeazy,"Himayath Nagar, Hyderabad",3.9
Ouvra Telugu Kitchen,South Indian,1000,15% Off + 25% Off,"Khajaguda, Hyderabad",4.0
1989 Pizza & Thickshakes,"Beverages, Pizza",400,30% Off + 25% Off,"Sainikpuri, Secunderabad  ",4.0
The Bake Factory,Multicuisine,1000,10% Off + 25% Off,"Nallagandla, Hyderabad",5.0
Alanati,Multicuisine,1200,25% Off :Payeazy,"Puppalguda, Hyderabad",4.0
Oxymorons,Finger Food,2000,25% Off :Payeazy,"Begumpet, Hyderabad",4.0
Carpe Diem,Continental,2000,15% Off + 25% Off,"Jubilee Hills, Hyderabad",4.5
Tonic & Tunes- Terrace Lounge,Multicuisine,1600,20% Off + 25% Off,"Gachibowli, Hyderabad",4.5
Qube Cafe,Multicuisine,1200,25% Off + 25% Off,"Hotel Siesta, Hyderabad",3.3
Mrs. Mage,"oriental, Asian",3000,25% Off + 25% Off,Hyatt Hyderabad Gachibowli,4.4
Bambai Tapri - Lingampally,Multicuisine,500,10% Off + 25% Off,"Nallagandla, Hyderabad",4.7
Full To Brim,Multicuisine,1500,10% Off + 25% Off,"Gachibowli, Hyderabad",4.7
Taranga Restaurant,Multicuisine,1100,10% Off + 25% Off,"Miyapur, Hyderabad",4.2
Ahwana Telugu Kitchen,South Indian,600,15% Off + 25% Off,"Hitech City, Hyderabad",4.5
Flames & Pots,Indian,400,10% Off + 25% Off,"Nallagandla, Hyderabad  ",4.0
Krema Cafe,"European, Italian",1000,10% Off + 25% Off,"Lingampally, Hyderabad",4.0
Toscano,Italian,1800,10% Off + 25% Off,"Hitech City, Hyderabad",4.7
O'Rica,Multicuisine,1200,25% Off :Payeazy,"Alwal, Secunderabad",4.4
Haze Kitchen And Bar,Multicuisine,1800,30% Off + 25% Off,"Gachibowli, Hyderabad",5.0
Moghuls Paradiez Restaurant,Multicuisine,800,10% Off + 25% Off,"Kukatpally, Hyderabad",4.0
Republic Of Noodles,"Thai, Pan Asian, Malaysian ",1700,30% Off + 25% Off,"Lemon Tree Premier, Hyderabad  ",4.6
OTC - Old Tree Cafe,Cafe,1000,10% Off + 25% Off,"Kompally, Hyderabad",4.7
Buffalo Wild Wings,American,2000,25% Off :Payeazy,Novotel Hyderabad Airport  ,2.7
Over The Flow,South Indian,1000,15% Off + 25% Off,"Hafeezpet, Hyderabad  ",5.0
Toscano,Italian,1800,15% Off + 25% Off,"Gachibowli, Hyderabad",2.0
M3 Mayukha Mughal Mandi,"Arabian, Mughlai",700,10% Off + 25% Off,"Gandipet, Hyderabad",3.7
Mandi Bistro,Arabian,700,25% Off :Payeazy,"Madhapur, Hyderabad",3.8
SALT Indian Restaurant,Indian,1800,15% Off + 25% Off,"Nanakramguda, Hyderabad",5.0
Italia,Multicuisine,2000,20% Off + 25% Off,"Ellaa Hotels, Hyderabad",5.0
Kebab Theatre,Indian,1400,30% Off + 25% Off,"Lemon Tree Premier, Hyderabad",4.5
Asli,Multicuisine,2500,25% Off :Payeazy,"Jubilee Hills, Hyderabad",5.0
The Dome Cafe,Multicuisine,600,20% Off + 25% Off,"Gachibowli, Hyderabad",4.8
Lattitude,"Multicuisine, Cocktail Menu",1800,30% Off + 25% Off,Le Méridien Hyderabad,4.5
Flavours,Multicuisine,1100,15% Off + 25% Off,"Hotel Jubilee Ridge, Hyderabad",4.0
Devamrutham,"Indian, South Indian",800,15% Off + 25% Off,"Jubilee Hills, Hyderabad",4.0
Ricco Cafe & Restaurant,Multicuisine,1200,30% Off + 25% Off,"Jubilee Hills, Hyderabad",4.2
Foodism By Ohri's,"European, Indian",800,15% Off + 25% Off,"Hitech City, Hyderabad",4.0
Via Milano,"European, Italian",1300,15% Off + 25% Off,"Jubilee Hills, Hyderabad",4.0
Ishtaa - Vegetarian Cuisine Restaurant,Multicuisine,1000,25% Off :Payeazy,"Basheer Bagh, Hyderabad",4.5
Sakura - A Far Eastern Kitchen,"Chinese, Pan Asian, Asian",1800,15% Off + 25% Off,"Road No. 36, Jubilee Hills, Hyderabad",3.8
PizzaExpress,"Italian, Pizza",1700,15% Off + 25% Off,"Madhapur, Hyderabad",4.0
Mist - The Poolside Kitchen,"oriental, European",2500,20% Off + 25% Off,"The Golkonda Resort, Hyderabad",3.7
Cava | Kebabs & Curries,"North Indian, South Indian",1200,30% Off + 25% Off,"Begumpet, Hyderabad",4.0
Daily Treats,"American, European",3000,25% Off + 25% Off,The Westin Hyderabad Mindspace,5.0
10 Downing Street Gachibowli,Multicuisine,2500,25% Off :Payeazy,"Gachibowli, Hyderabad  ",4.2
Next Round Bar & Kitchen,"Multicuisine, Cocktail Menu",1500,30% Off + 25% Off,"Nallagandla, Hyderabad",4.0
Hyderabad Spicy Kitchen & Bar,Multicuisine,800,10% Off + 25% Off,"Gachibowli, Hyderabad",5.0
Lush Cafe By The Lake,European,700,25% Off :Payeazy,"Madhapur, Hyderabad",4.6
Jade,Pan Asian,1500,25% Off + 25% Off,Le Méridien Hyderabad,4.7
FondOf - Coffee Lounge,European,1200,15% Off + 25% Off,"Kothaguda, Hyderabad",4.7
AnTeRa Courtyard,South Indian,1200,10% Off + 25% Off,"Nanakramguda, Hyderabad",4.3
Vetro,Multicuisine,1800,20% Off + 25% Off,"The Golkonda Resort, Hyderabad",3.8
One Bite,Multicuisine,500,25% Off + 25% Off,"Kompally, Hyderabad",5.0
Kefi,Multicuisine,1000,10% Off + 25% Off,"L B Nagar, Hyderabad",3.7
Tevar - The Progressive Indian Kitchen & Bar,Modern Indian,4000,25% Off :Payeazy,"Hitech City, Hyderabad",4.1
Firewater Neo Bar & Kitchen,Multicuisine,1500,20% Off + 25% Off,"Nanakramguda, Hyderabad",4.5
Firefly Club & Social Room,"Multicuisine, Cocktail Menu",2800,35% Off + 25% Off,"Kondapur, Hyderabad",4.0
Et - Si,"Chinese, European",1200,25% Off :Payeazy,"Jubilee Hills, Hyderabad",4.7
Toast & Tonic Sky Bar,Multicuisine,1200,45% Off + 25% Off,"Manikonda, Hyderabad",4.3
Shiso Cafe & Lounge,"Desserts, European",800,15% Off + 25% Off,"Madhapur, Hyderabad",4.0
Shree Tatva Veg Restaurant,Indian,500,15% Off + 25% Off,"Raji Reddy Nagar, Hyderabad",4.1
Noya,"Finger Food, Cocktail Menu",2800,20% Off + 25% Off,"Hotel Avasa, Hyderabad",5.0
Dasara,Multicuisine,1200,10% Off + 25% Off,"Uppal, Hyderabad",2.8
The Beer Cartel,Multicuisine,2000,25% Off :Payeazy,"Hitech City, Hyderabad",4.4
Locale Cafe & Bistro,Multicuisine,1300,20% Off + 25% Off,"Madhapur, Hyderabad",5.0
Yi Jing,Chinese,3000,10% Off + 25% Off,"ITC Kohenur, Hyderabad",4.8
Raasta,"Multicuisine, Continental",1200,15% Off + 25% Off,"Hitech City, Hyderabad",4.5
IRA Kitchen & Bar,Multicuisine,1400,10% Off + 25% Off,"Sangareddy, Hyderabad",5.0
Dumpukht Begum's,Awadhi,3000,10% Off + 25% Off,"ITC Kohenur, Hyderabad",4.6
Fresco's Pizza,"Italian, Japanese",600,25% Off + 25% Off,"Kandi, Hyderabad  ",4.0
Urban Munchies,Fast Food,500,35% Off + 25% Off,"Amberpet, Hyderabad",4.0
Eat Chat & More,"Chinese, Indian",450,25% Off + 25% Off,"Hafeezpet, Hyderabad",4.0
Tuscany,Italian,4000,25% Off + 25% Off,Trident Hyderabad,4.8
Whisky Samba,"Indian, Japanese",2000,25% Off :Payeazy,"Madhapur, Hyderabad",4.6
Kavyam the telugu table,"South Indian, Multicuisine",1200,10% Off + 25% Off,"Jubilee Hills, Hyderabad",4.5
Tecora Multi-Cuisine Restaurant,Multicuisine,1200,15% Off + 25% Off,"Nanakramguda, Hyderabad",4.5
Frat House,Multicuisine,1500,40% Off + 25% Off,"Gachibowli, Hyderabad",3.3
Stoic Brew,European,800,30% Off + 25% Off,"Serilingampalle, Hyderabad",4.0
N-Owl Club & Kitchen,Multicuisine,1000,10% Off + 25% Off,"Jubilee Hills, Hyderabad",5.0
Last Saturday,"Multicuisine, Cocktail Menu",1800,25% Off :Payeazy,"Jubilee Hills, Hyderabad",5.0
HODD'S Cocktail Bar,Multicuisine,1800,25% Off + 25% Off,Hyatt Hyderabad Gachibowli,5.0
Kush Mandi,Multicuisine,800,15% Off + 25% Off,"Gachibowli, Hyderabad",4.0
Mazzo,Multicuisine,3000,20% Off + 25% Off,"Gachibowli, Hyderabad",3.7
Mix,Finger Food,1400,25% Off + 25% Off,The Westin Hyderabad Mindspace,3.0
ABC Kitchens - Authentic Bhimavaram Cuisine,South Indian,750,25% Off :Payeazy,"Nallagandla, Hyderabad",4.7
Nippon Kitsune,European,1195,15% Off + 25% Off,"Madhapur, Hyderabad",5.0
Chiraan Fort,Multicuisine,1600,20% Off + 25% Off,"Secunderabad, Hyderabad",4.0
United Kitchens of India,Multicuisine,1000,25% Off :Payeazy,"Karkhana, Secunderabad",4.4
Tasca Bar & Kitchen,Multicuisine,2500,10% Off + 25% Off,"Gandipet, Hyderabad",4.4
Ironhill (Madhapur),Multicuisine,400,10% Off + 25% Off,"Madhapur, Hyderabad",4.0
ATG - Across The Globe Restaurant,Multicuisine,1000,15% Off + 25% Off,"Nallagandla, Hyderabad",4.2
"Forest, Arabian Mandi House",Mandi,500,Free Appetizer + 25% Off,"Saroor Nagar, Hyderabad",4.9
The Bar,Finger Food,2200,15% Off + 25% Off,Novotel Hyderabad Convention Centre,4.4
MK Warehouse,Multicuisine,1200,50% Off + 25% Off,"Road No. 36, Jubilee Hills, Hyderabad",4.0
M3 Mayukha Mughal Mandi Restaurant,Arabian,800,15% Off + 25% Off,"Madeenaguda, Hyderabad",4.0
Kritunga Restaurant,South Indian,1200,15% Off + 25% Off,"Madhapur, Hyderabad  ",1.0
Cafe 1st Story,Multicuisine,2000,15% Off + 25% Off,Fairfield by Marriott Hyderabad,4.3
Skyline,Multicuisine,1600,50% Off + 25% Off,"Financial District, Hyderabad",4.0
United Telugu Kitchens,South Indian,1300,25% Off :Payeazy,"Chanda Nagar, Hyderabad  ",4.1
10 Downing Street Begumpet,Multicuisine,2500,25% Off :Payeazy,"Begumpet, Hyderabad",4.5
Tansen,"North Indian, Seafood",3000,25% Off :Payeazy,"Financial District, Hyderabad",4.0
Danish Cafe & Bakery,"European, Coffee",500,15% Off + 25% Off,"Hitech City, Hyderabad",4.0
Umm Uttapam,South Indian,500,20% Off + 25% Off,"Madhapur, Hyderabad",4.0
Malibu - Cocktail Bar & Kitchen,Finger Food,1500,25% Off :Payeazy,"Kompally, Hyderabad",4.3
Arabian Corner,Arabian,900,10% Off + 25% Off,"Gachibowli, Hyderabad",4.5
Jamun,Regional Indian,1800,15% Off + 25% Off,"Jubilee Hills, Hyderabad",5.0
Xero Degrees,Cafe,800,30% Off + 25% Off,"Hitech City, Hyderabad",4.0
Cosmos Cafe & Gaming,Multicuisine,800,10% Off + 25% Off,"Kothapet, Hyderabad",3.7
MudBrick - Kitchen & Bar,Fusion,1200,10% Off + 25% Off,"Jubilee Hills, Hyderabad",4.5
White Ridge Kitchen,South Indian,600,30% Off + 25% Off,"White Ridge Premium Hotel - Hitec City, Hyderabad",4.0
The Night Bird Bar & Cafe,Multicuisine,1500,25% Off + 25% Off,"Kondapur, Hyderabad",3.9
WoodinVille Bistro,Multicuisine,1000,15% Off + 25% Off,"Gandipet, Hyderabad",5.0
World of Tortillas,"Mexican, European",600,15% Off + 25% Off,"Kondapur, Hyderabad",5.0
Colours of Spirit,Cafe,800,15% Off + 25% Off,"L B Nagar, Hyderabad",5.0
Bilwaa,"North Indian, Multicuisine, Chinese",1000,10% Off + 25% Off,"Road No. 36, Jubilee Hills, Hyderabad",365.0
Ambaram The Rooftop Kitchen,Multicuisine,1000,25% Off + 25% Off,"Secunderabad, Hyderabad",2.5
Qosa,Multicuisine,2000,25% Off :Payeazy,"The Golkonda Resort, Hyderabad",5.0
Peanuts Bar,Multicuisine,1500,25% Off :Payeazy,"Madhapur, Hyderabad",4.5
Grand Santosh Family Dhaba,Multicuisine,800,25% Off :Payeazy,"Kukatpally, Hyderabad",5.0
The Cafe Indori,"Finger Food, Indian, Continental",500,10% Off + 25% Off,"Madhapur, Hyderabad",4.0
Yummy Bee Kukatpally,Cafe,1000,10% Off + 25% Off,"Kukatpally, Hyderabad",3.0
Maa Athidi Military Hotel,Multicuisine,850,10% Off + 25% Off,"Puppalguda, Hyderabad",4.0
Blck Artisanal Brews & Bakehouse,Continental,1000,10% Off + 25% Off,"Film Nagar, Hyderabad",4.0
Caffe Jubilee,"Italian, Chinese",1200,10% Off + 25% Off,"Jubilee Hills, Hyderabad",4.0
Golden Spoon Cafe & Lounge,"Cafe, European",300,10% Off + 25% Off,"Manikonda, Hyderabad",4.0
Hotel Nakshatra Inn,"Indian, Chinese",800,15% Off + 25% Off,"Kothapet, Hyderabad",4.0
Skyhy Live,Finger Food,1800,10% Off + 25% Off,"Gachibowli, Hyderabad",3.5
Elite Kitchen,Multicuisine,500,10% Off + 25% Off,"Serilingampalle, Hyderabad",3.7
Rocks,"Finger Food, Cocktail Menu",2000,15% Off + 25% Off,"Ellaa Hotels, Hyderabad",4.3
Amaravati Amigos,Multicuisine,700,10% Off + 25% Off,"Secunderabad, Hyderabad",4.0
Salley By Shott,Multicuisine,1000,15% Off + 25% Off,"Madhapur, Hyderabad",4.0
Dashami Kitchen & Bar,Multicuisine,1800,30% Off + 25% Off,"Kokapet, Hyderabad",4.0
Kebab Pavilion,Multicuisine,3000,15% Off + 25% Off,"Ellaa Hotels, Hyderabad",4.0
Green Bucket Biryani,Biryani,500,20% Off + 25% Off,"Nagole, Hyderabad",4.0
Dark Stone,Multicuisine,600,20% Off + 25% Off,"Medipally, Hyderabad",4.0
ATG - Across The Globe Cafe,Continental,500,15% Off + 25% Off,"Lingampally, Hyderabad",4.0
Samprada Authentic Kitchen & Bar,Multicuisine,1200,15% Off + 25% Off,"Gachibowli, Hyderabad",4.0
The Sahib's,Multicuisine,700,15% Off + 25% Off,"Sainikpuri, Secunderabad",4.0
Tree House,Multicuisine,800,15% Off + 25% Off,"L B Nagar, Hyderabad",3.7
Hotel Simhapuri Deluxe,Multicuisine,1200,10% Off + 25% Off,"Madhapur, Hyderabad",4.8
Queens & Beans,Continental,1100,25% Off + 25% Off,"Gachibowli, Hyderabad",3.7
Bahar Biryani Cafe,"Chinese, Indian",400,15% Off + 25% Off,"L B Nagar, Hyderabad  ",4.0
Chickpet Donne Biryani House Kokapet,Multicuisine,500,30% Off + 25% Off,"Gandipet, Hyderabad",4.0
Spicy Biryani Vibes,Multicuisine,600,10% Off + 25% Off,"Madhapur, Hyderabad",3.0
Babai Hotel,South Indian,600,10% Off + 25% Off,"Himayath Nagar, Hyderabad",3.0
Save The Tigers Bar & Kitchen,Multicuisine,1500,30% Off + 25% Off,"Kukatpally, Hyderabad",2.8
Alchemy,Multicuisine,2500,15% Off + 25% Off,"Ellaa Hotels, Hyderabad",3.4
Peshawar,Multicuisine,600,25% Off :Payeazy,"Malakpet, Hyderabad",4.7
Over the Moon Brew Co.,Multicuisine,3000,25% Off :Payeazy,"Gachibowli, Hyderabad",5.0
Nosh Epicure,"French, Indian",2200,20% Off + 25% Off,"Hitech City, Hyderabad",4.0
Casa D' Mocha,European,650,20% Off + 25% Off,"Madhapur, Hyderabad",4.0
Le Hacana Cafe & Kitchen,European,600,20% Off + 25% Off,"Madhapur, Hyderabad",4.0
Andhra Paris,Multicuisine,400,20% Off + 25% Off,"Madhapur, Hyderabad",4.0
Tim Hortons,Coffee,800,15% Off + 25% Off,"Madhapur, Hyderabad",5.0
Wraps Zone,Multicuisine,250,10% Off + 25% Off,"Erragadda, Hyderabad",5.0
Bisi Bisi,South Indian,700,15% Off + 25% Off,"Hitech City, Hyderabad",5.0
Claysutra Pottery Studio & Cafe,Multicuisine,1500,10% Off + 25% Off,"Gachibowli, Hyderabad",4.0
TOC Bakers,"Fast Food, Bakery",300,10% Off + 25% Off,"Narayanguda, Hyderabad",5.0
Peppanizze,Italian,400,15% Off + 25% Off,"Padmarao Nagar, Hyderabad",5.0
Far East Asia Restaurant,Multicuisine,400,10% Off + 25% Off,"Nallagandla, Hyderabad",5.0
Fantastic Four Cafe,"Chinese, Italian",1000,10% Off + 25% Off,"Himayath Nagar, Hyderabad",2.5
The ThickShake Factory,Beverages,350,10% Off + 25% Off,"Himayath Nagar, Hyderabad  ",4.8
Transcend Lounge Bar,Multicuisine,2200,35% Off + 25% Off,"Ellaa Residence, Hyderabad",4.0
Flamingo Cafe Le Estamine,"Italian, Mexican",800,10% Off + 25% Off,"Sainikpuri, Secunderabad",3.9
Gourmet Bar,Multicuisine,5000,25% Off + 25% Off,Novotel Hyderabad Airport,1.0
Kobe Sizzlers,Finger Food,1800,20% Off + 25% Off,"Gachibowli, Hyderabad",4.2
Ko Ko Kai,"Chinese, Pan Asian, Asian",1200,10% Off + 25% Off,"Kokapet, Hyderabad",4.2
Veda Kitchen,Multicuisine,300,10% Off + 25% Off,"Gachibowli, Hyderabad",5.0
Vanabhojanam,South Indian,900,20% Off + 25% Off,"Kukatpally, Hyderabad",1.0
London Waffle Co,"Desserts, Sandwiches, Milkshakes",250,15% Off + 25% Off,"Himayath Nagar, Hyderabad",1.0
Aathidyam,South Indian,600,25% Off :Payeazy,"Madhapur, Hyderabad",4.0
Chamkeela - The Cocktail House,Multicuisine,2500,25% Off :Payeazy,"Jubilee Hills, Hyderabad",5.0
Coffee & More,European,400,10% Off + 25% Off,"Madhapur, Hyderabad  ",5.0
Panchendriya Restaurant,"Biryani, Chinese",700,25% Off :Payeazy,"Gachibowli, Hyderabad",4.0
Isha Life Mahamudra,Indian,650,10% Off + 25% Off,"Jubilee Hills, Hyderabad",4.7
Dine Inn China,"Multicuisine, Chinese",600,10% Off + 25% Off,"Kondapur, Hyderabad  ",5.0
Dum Matka,Multicuisine,1000,15% Off + 25% Off,"Kondapur, Hyderabad",4.0
Barista,,600,15% Off + 25% Off,"Atrium Mall, Gachibowli",4.0
Greens & More Spire,"Italian, European",400,15% Off + 25% Off,"Hitech City, Hyderabad",4.0
Shake Bar,Shakes,300,10% Off + 25% Off,"Shaikpet, Hyderabad",4.0
Greens & More Skyview,"Italian, European",400,15% Off + 25% Off,"Hitech City, Hyderabad",4.0
Biggies Burger,Burgers,300,15% Off + 25% Off,"Moosapet, Hyderabad",4.0
Chinese Wok,Chinese,600,15% Off + 25% Off,"Hitech City, Hyderabad  ",4.0
Zen Paradise,Chinese,600,15% Off + 25% Off,"Secunderabad, Hyderabad",4.0
Bon Appetit Cafe,European,350,10% Off + 25% Off,"Shaikpet, Hyderabad",4.0
Wrap It,Mexican,200,10% Off + 25% Off,"Shaikpet, Hyderabad",4.0
South Pole,"Beverages, Desserts",400,10% Off + 25% Off,"Shaikpet, Hyderabad",4.0
Biggies Burger,Burgers,300,15% Off + 25% Off,"Malakpet, Hyderabad",4.0
Squisito Pizzeria,Multicuisine,400,15% Off + 25% Off,"Secunderabad, Hyderabad",4.0
Sumadhura Ruchulu,"North Indian, South Indian",250,10% Off + 25% Off,"Madhapur, Hyderabad",4.0
Sanjos Donuts,Desserts,300,15% Off + 25% Off,"Gaddiannaram, Hyderabad  ",4.0
Shrimmers,"Fast Food, Burgers",300,15% Off + 25% Off,"Padmarao Nagar, Hyderabad",4.0
Burger Junction,Burgers,500,15% Off + 25% Off,"Narsingi, Hyderabad",4.0
Inti Ruchulu,South Indian,200,10% Off + 25% Off,"Shaikpet, Hyderabad",4.0
BAC Healthy,Fast Food,500,10% Off + 25% Off,"Shaikpet, Hyderabad",4.0
Cafe - The Multicuisine Restaurant,Multicuisine,1200,15% Off + 25% Off,"The Grand Solitaire Hotel, Hyderabad",4.0
Figaro's Pizza,"Pizza, Sandwiches, Salad",600,10% Off + 25% Off,"Kondapur, Hyderabad",5.0
House of Truly,"Coffee and Tea, Continental",600,10% Off + 25% Off,"Gachibowli, Hyderabad",5.0
The Pluto Cafe,Italian,500,10% Off + 25% Off,"Malakpet, Hyderabad",5.0
The Big Cup Theory,European,1000,10% Off + 25% Off,"Madhapur, Hyderabad  ",4.3
Bisi Bisi,South Indian,700,15% Off + 25% Off,"Jubilee Hills, Hyderabad",3.5
Oye Rock N Roll,"Milkshakes, Fast Food",400,30% Off + 25% Off,"Abids, Hyderabad",3.9
Tara - South Indian kitchen,Multicuisine,1400,10% Off + 25% Off,"Kondapur, Hyderabad",2.8
Koki Coffee & Co.,"Indian, Italian, Continental",1600,25% Off :Payeazy,"Kokapet, Hyderabad",5.0
Ambrouzia Modern Indian Kitchen,Modern Indian,1200,20% Off + 25% Off,"Kokapet, Hyderabad",4.0
The Chocolate Room,Multicuisine,800,25% Off + 25% Off,"Attapur, Hyderabad  ",4.3
Organic Kitchen,South Indian,300,15% Off + 25% Off,"Chanda Nagar, Hyderabad",5.0
Lord Of The Drinks,Multicuisine,1800,20% Off + 25% Off,"Road No. 45, Jubilee Hills, Hyderabad",4.0
Oye Pizza,Italian,400,30% Off + 25% Off,"Abids, Hyderabad",3.5
Dreams Cafe,"European, Bakery",650,10% Off + 25% Off,"Gachibowli, Hyderabad",4.0
Ambalchi Tadka,Multicuisine,900,10% Off + 25% Off,"The Altruist Business Hotel - Hitech, Hyderabad  ",4.0
Draak Espresso,"Bakery, European, Coffee",500,10% Off + 25% Off,"Gachibowli, Hyderabad",4.0
Utsavam,Indian,1000,10% Off + 25% Off,iStay Hotels Hitec City Hyderabad,4.0
Sholay Restaurant,Multicuisine,700,10% Off + 25% Off,"Secunderabad, Hyderabad",4.0
Cafe Savora,"Beverages, Bakery",500,10% Off + 25% Off,"Kukatpally, Hyderabad",4.0
V.I.B.E Restaurant,Multicuisine,500,10% Off + 25% Off,"Madhapur, Hyderabad",4.0
Golkondaa Biryani House,Multicuisine,600,10% Off + 25% Off,"Kukatpally, Hyderabad",4.0
The Fruit Custard - Madhapur,"Beverages, Sandwiches",250,10% Off + 25% Off,"Madhapur, Hyderabad",4.0
QUAD Bar & Kitchen,Multicuisine,1600,30% Off + 25% Off,"Film Nagar, Hyderabad",3.2
Tadipatri Biryani,Biryani,1000,15% Off + 25% Off,"Kondapur, Hyderabad",1.0
Kritunga Restaurant - The Palegar's Cuisine,Multicuisine,1500,20% Off + 25% Off,"Kompally, Hyderabad",3.3
Alaknanda (All About Veg),Indian,1000,10% Off + 25% Off,"LuLu Mall, Kukatpally",3.0
Kritunga Restaurant - The Rayalaseema Cuisine,Multicuisine,1200,25% Off :Payeazy,"Vattinagulapally, Hyderabad",4.0
Quake Arena,Multicuisine,1800,25% Off :Payeazy,"Kondapur, Hyderabad",5.0
Teraso - The Indian Social Bar,Multicuisine,1400,25% Off :Payeazy,"Nandagiri Hills, Hyderabad",4.0
Cinnamon,Multicuisine,800,15% Off + 25% Off,"Shamshabad, Hyderabad",4.0
Vaikuntapuram Cafe,South Indian,300,15% Off + 25% Off,"Kondapur, Hyderabad",4.0
Casa Cafe Restaurant,Multicuisine,1000,15% Off + 25% Off,"Rajendra Nagar, Hyderabad",4.0
Café Click,Multicuisine,800,15% Off + 25% Off,"Shamshabad, Hyderabad",4.0
Biggies Burger,Burgers,300,15% Off + 25% Off,"Aparna Neo Mall, Nallagandla",4.0
Al Ammar Arabian Cafeteria,Arabian,250,15% Off + 25% Off,"Saroor Nagar, Hyderabad",4.0
Lazeez Khaana,Mughlai,1200,15% Off + 25% Off,"Himayath Nagar, Hyderabad",4.4
Olive Bistro,"European, Mediterranean",2500,25% Off :Payeazy,"Jubilee Hills, Hyderabad",4.4
Express Cafe,Multicuisine,1175,10% Off + 25% Off,Holiday Inn Express Hyderabad HITEC City  ,5.0
The Sirara Cafe,Italian,500,10% Off + 25% Off,"Vanasthalipuram, Hyderabad",5.0
Udupis Taaza Kitchen,Multicuisine,800,25% Off :Payeazy,"Manikonda, Hyderabad",5.0
Beyond Flavours and Kitchen,Multicuisine,700,15% Off + 25% Off,"Gachibowli, Hyderabad",2.0
Cross Breed Clubs Kitchen,Multicuisine,1300,30% Off + 25% Off,"Gachibowli, Hyderabad",2.4
Curry Leaf Restaurant,Multicuisine,900,10% Off + 25% Off,"Rester Select Kukatpally, Hyderabad",4.1
360 Club & Kitchen,Multicuisine,1000,15% Off + 25% Off,"Gsm Mall, Madeenaguda",4.1
White Teak Coffee Roasters,"Cafe, Multicuisine",1000,10% Off + 25% Off,"Sainikpuri, Secunderabad  ",4.5
Ahoo Telugu Cuisine,South Indian,1200,25% Off :Payeazy,"Gachibowli, Hyderabad",4.0
Nectar Kitchen & Bar,"Pan Asian, Kababs, Indian",1200,20% Off + 25% Off,"Jubilee Hills, Hyderabad",4.0
Slice of Spice,"Indian, Barbeque",800,20% Off + 25% Off,"Eastin Hotels, Madhapur",4.0
Fiore Cafe,Multicuisine,1200,20% Off + 25% Off,"Jubilee Hills, Hyderabad",4.0
The Joint Al Mandi & Grill,Multicuisine,400,25% Off :Payeazy,"Habsiguda, Hyderabad",3.2
Jagadamba Junction.,"Biryani, Chinese",600,10% Off + 25% Off,"Puppalguda, Hyderabad",5.0
Old Mumbai Icecream,Ice Cream,300,10% Off + 25% Off,"Gachibowli, Hyderabad",5.0
Burger Reddy,Burgers,350,10% Off + 25% Off,"Madhapur, Hyderabad",5.0
Nati Ruchi,South Indian,500,10% Off + 25% Off,"Kukatpally, Hyderabad",5.0
Freekick - Sports Bar & Grill,"Finger Food, Cocktail Menu",1500,15% Off + 25% Off,"Thrill City, Necklace Road",5.0
Bharateeyam - The Indian Cuisine,Multicuisine,1200,20% Off + 25% Off,"LuLu Mall, Kukatpally",2.2
Crumbled Cheese Pizzeria,"Chinese, Italian",1000,Free Cocktail or Mocktail + 25% Off,"Dilsukhnagar, Hyderabad",5.0
9th Rhythm,"Chinese, Indian",400,10% Off + 25% Off,"Hafeezpet, Hyderabad",4.0
The Big Owl Cafe,Cafe,800,10% Off + 25% Off,"Sainikpuri, Secunderabad",4.0
Dakshin Vindu,Multicuisine,500,10% Off + 25% Off,"Hafeezpet, Hyderabad",4.0
Draak Cafe,Cafe,700,10% Off + 25% Off,"Nanakramguda, Hyderabad",4.0
KAPPU'S दा DHABA,Multicuisine,800,10% Off + 25% Off,"Kharmanghat, Hyderabad",4.0
Lunar Loft Cafe and Kitchen,"Chinese, Continental",1000,10% Off + 25% Off,"B.N Reddy Nagar, Hyderabad",4.0
Hakino's fine baking & Cafe,Continental,400,10% Off + 25% Off,"Tellapur, Hyderabad",4.0
Sampradaya Kitchen,South Indian,500,10% Off + 25% Off,"Patancheruvu, Hyderabad",4.0
Five Eleven Restaurant,South Indian,500,10% Off + 25% Off,"Pashamylaram, Hyderabad",4.0
Oak Leaf Rooftop Cafe,Multicuisine,400,10% Off + 25% Off,"Sainikpuri, Secunderabad",4.0
D Isthaas Shawarma,Shawarma,300,10% Off + 25% Off,"L B Nagar, Hyderabad",4.0
Lunico Cafe,Cafe,700,10% Off + 25% Off,"Kompally, Hyderabad",4.0
Shannus Kitchen,Multicuisine,400,10% Off + 25% Off,"L B Nagar, Hyderabad",4.0
D' First Cafe,Multicuisine,600,10% Off + 25% Off,"Serilingampalle, Hyderabad",4.0
Saga Bistro,Multicuisine,700,10% Off + 25% Off,"Madhapur, Hyderabad",2.3
Kalyana Vindhu,Multicuisine,800,10% Off + 25% Off,"Kondapur, Hyderabad",4.0
Ala The Terrace Lounge,Finger Food,2000,10% Off + 25% Off,"Kompally, Hyderabad",3.8
Diablo Cocktail Bar & Kitchen,"European, Mediterranean, Asian",2000,15% Off + 25% Off,"Jubilee Hills, Hyderabad",3.8
Tabula Rasa,Multicuisine,1200,25% Off :Payeazy,"Gachibowli, Hyderabad",4.6
Marley's Joint,Fast Food,700,10% Off + 25% Off,"Sainikpuri, Secunderabad",3.6
Brick & Branch,Multicuisine,1800,25% Off :Payeazy,"Financial District, Hyderabad",5.0
Ottimo,Italian,3000,10% Off + 25% Off,"ITC Kohenur, Hyderabad",4.2
Baburao Gari Biryani,Biryani,300,10% Off + 25% Off,"Kukatpally, Hyderabad  ",4.0
UFO Fries & Corn,American,300,10% Off + 25% Off,"L B Nagar, Hyderabad",4.0
Burger's Wharf,Fast Food,300,10% Off + 25% Off,"Kukatpally, Hyderabad",4.0
La Rosetta,"Beverages, Italian",700,15% Off + 25% Off,"Shaikpet, Hyderabad",4.0
Chef Man F & B,"European, Fast Food",250,10% Off + 25% Off,"Madhapur, Hyderabad",4.0
Taste of shakes,Shakes,400,10% Off + 25% Off,"Gachibowli, Hyderabad",4.0
Altair Cafe,Fast Food,500,10% Off + 25% Off,"Madhapur, Hyderabad",4.0
Masala Wok Biryani Restaurant,Mughlai,300,10% Off + 25% Off,"Langer Houz, Hyderabad",4.0
Palnadu - South Indian Kitchen,South Indian,500,10% Off + 25% Off,"Madhapur, Hyderabad",4.0
La Prezzo - Woodfire Pizza,Italian,300,10% Off + 25% Off,"Madhapur, Hyderabad",4.0
ETC - Eat Talk Chill,"Chinese, Fast Food",300,10% Off + 25% Off,"Madhapur, Hyderabad",4.0
Shi-Tori,Multicuisine,600,10% Off + 25% Off,"Madhapur, Hyderabad",4.0
Jedi's waffles,"Desserts, Milkshakes",600,10% Off + 25% Off,"Madhapur, Hyderabad",4.0
Max Momos,Momos,200,10% Off + 25% Off,"Madhapur, Hyderabad",4.0
Milk Way Shake's,"Fast Food, Shakes",250,10% Off + 25% Off,"Chanda Nagar, Hyderabad",4.0
Delight Pavillion,Beverages,300,10% Off + 25% Off,"Madhapur, Hyderabad",4.0
Raja Vari Kitchen,Multicuisine,300,10% Off + 25% Off,"Kukatpally, Hyderabad",4.0
Fu-King,Chinese,400,10% Off + 25% Off,"Madhapur, Hyderabad  ",4.0
The Shake Studio,"Beverages, Shakes",300,10% Off + 25% Off,"Kukatpally, Hyderabad",4.0
Eat Monk,European,400,10% Off + 25% Off,"Madhapur, Hyderabad",4.0
Monkey's Cafe,Cafe,300,10% Off + 25% Off,"Kukatpally, Hyderabad",4.0
Adbutha Aahar - The Authentic Kitchen,Multicuisine,200,10% Off + 25% Off,"Madhapur, Hyderabad",4.0
Blue Bliss,Desserts,500,10% Off + 25% Off,"Secunderabad, Hyderabad",4.0
The Burning Grills - TGB Cafe & Lounge,,500,10% Off + 25% Off,"Gachibowli, Hyderabad",4.0
Waffle Studio,Desserts,300,10% Off + 25% Off,"Kukatpally, Hyderabad",4.0
Yard Bakery,"Bakery, Desserts",650,10% Off + 25% Off,"Kukatpally, Hyderabad",4.0
Tharavadu - Kerala Cuisine,"Biryani, Kerala",500,10% Off + 25% Off,"Madhapur, Hyderabad",4.0
Snack Time - Little More,"Italian, Sandwiches, Salad",500,10% Off + 25% Off,"Madhapur, Hyderabad",4.0
Indian Kitchen,North Indian,500,10% Off + 25% Off,"Madhapur, Hyderabad",4.0
Cozmo Cafe & Bistro,Cafe,400,10% Off + 25% Off,"Kukatpally, Hyderabad",4.0
Frullato - Thick Shakes & Desserts,"Desserts, Shakes",300,10% Off + 25% Off,"Kukatpally, Hyderabad",4.0
Fruit Mantra,"Fast Food, Beverages",300,10% Off + 25% Off,"Madhapur, Hyderabad",4.0
Auberry The Bake Shop,"Bakery, Cafe",1000,10% Off + 25% Off,"Manikonda, Hyderabad  ",5.0
Cafe Marka,Multicuisine,1200,10% Off + 25% Off,"Jubilee Hills, Hyderabad",5.0
M3 Biryanis Restaurant,North Indian,900,20% Off + 25% Off,"Madeenaguda, Hyderabad",3.0
The Board Game Cafe,"European, Chinese",800,10% Off + 25% Off,"Himayath Nagar, Hyderabad",4.5
Palanadu Ruchulu,South Indian,1000,15% Off + 25% Off,"Nanakramguda, Hyderabad",4.0
De' Cafe Studio,Multicuisine,500,30% Off + 25% Off,"Malakpet, Hyderabad",4.0
Beyond The Tree,Continental,600,10% Off + 25% Off,"Tarnaka, Hyderabad",3.0
Kesariya Restaurant,Multicuisine,750,10% Off + 25% Off,"Kondapur, Hyderabad",3.7
Slounge,Finger Food,2000,30% Off + 25% Off,"Lemon Tree Premier, Hyderabad",4.0
La Cupula,Multicuisine,1000,15% Off + 25% Off,"Nallagandla, Hyderabad  ",2.0
Shanghai Chef,Finger Food,1800,30% Off + 25% Off,"Gachibowli, Hyderabad",4.0
Animal Club & Kitchen,Multicuisine,1400,30% Off + 25% Off,"Gachibowli, Hyderabad",1.0
Jewel of Nizam-The Minar,Mughlai,1800,10% Off + 25% Off,"Gandipet, Hyderabad",4.5
Beats Music Bar,Finger Food,1500,10% Off + 25% Off,"Madhapur, Hyderabad",1.0
Cafe 90's,Fast Food,300,10% Off + 25% Off,"Hafeezpet, Hyderabad",5.0
Chings Chinese & Thai,"Chinese, Thai",600,10% Off + 25% Off,"Kothapet, Hyderabad",5.0
Little Kitchen,Multicuisine,650,10% Off + 25% Off,"Madhapur, Hyderabad",4.0
Straws The Cafe,"Chinese, Italian, Burgers",500,10% Off + 25% Off,"Narayanguda, Hyderabad",4.0
Taha Cafe,Multicuisine,1300,10% Off + 25% Off,"Begumpet, Hyderabad",4.0
Shreeshah Kitchen Family Restaurant,"South Indian, Biryani",600,10% Off + 25% Off,"Kalyan Nagar, Hyderabad, Hyderabad",4.0
Green Leaf,Multicuisine,400,10% Off + 25% Off,"Madhapur, Hyderabad",4.0
Paarma Raama,oriental,1200,10% Off + 25% Off,"Jubilee Hills, Hyderabad",4.0
Brew Haven Cafe,"Beverages, Fast Food",350,10% Off + 25% Off,"Himayath Nagar, Hyderabad",4.0
Sai Kailash Dhaba,"Indian, Chinese",800,10% Off + 25% Off,"Attapur, Hyderabad",3.7
Alfresco,Multicuisine,1400,30% Off + 25% Off,"Ibis Hotel, Hyderabad",2.9
A19 Klub & Kitchen,"European, Asian",2000,30% Off + 25% Off,"Sarath City Capital Mall, Kondapur",1.0
Cafe Lilliput,"Cocktail Menu, Multicuisine",1200,10% Off + 25% Off,"Madhapur, Hyderabad",3.5
Pakoda Hub,Street Food,500,10% Off + 25% Off,"Nizampet, Hyderabad",4.0
SWING LOUNGE,Multicuisine,1800,25% Off :Payeazy,"Hitech City, Hyderabad",5.0
Backbenchers Kaffe,Multicuisine,300,10% Off + 25% Off,"Shamshabad, Hyderabad",4.0
Sri Ridhz Kitchen,Multicuisine,400,10% Off + 25% Off,"Gachibowli, Hyderabad",4.0
Deccan Chai Cafe,"Bakery, Cafe",500,10% Off + 25% Off,"Kukatpally, Hyderabad",4.0
Annapurna Vilas,South Indian,600,10% Off + 25% Off,"Kompally, Hyderabad",4.0
Potlam Biryani,Multicuisine,400,10% Off + 25% Off,"Bachupally, Hyderabad",4.0
Captain Panda,"Fast Food, Chinese",400,10% Off + 25% Off,"Secunderabad, Hyderabad",4.0
Cafe,Cafe,350,10% Off + 25% Off,"Kukatpally, Hyderabad",164.0
Roostly Continental,European,300,10% Off + 25% Off,"Boduppal, Hyderabad",4.0
Base Liberty,"Beverages, Continental",400,10% Off + 25% Off,"Shamshabad, Hyderabad",4.0
The Fish Revolution,Multicuisine,400,10% Off + 25% Off,"Secunderabad, Hyderabad",4.0
Cravehub Cafe,Fast Food,300,10% Off + 25% Off,"Vanasthalipuram, Hyderabad",4.0
MJ Home Bakes,Bakery,300,10% Off + 25% Off,"Nallagandla, Hyderabad",4.0
Snake Bite,Pizza,500,10% Off + 25% Off,"Patancheruvu, Hyderabad",4.0
Seasonal Juice Bar,Juices,250,10% Off + 25% Off,"Kukatpally, Hyderabad",4.0
Musicafe,Cafe,300,10% Off + 25% Off,"Kukatpally, Hyderabad",4.0
InkoTea,Bakery,400,10% Off + 25% Off,"Hafeezpet, Hyderabad",4.0
Kafetearia,Cafe,450,10% Off + 25% Off,"Sainikpuri, Secunderabad",4.0
Moffles,Fast Food,200,10% Off + 25% Off,"Saroor Nagar, Hyderabad",4.0
Teenmaar Restaurant,"Biryani, Chinese",300,10% Off + 25% Off,"Vanasthalipuram, Hyderabad",4.0
Bae-King,Fast Food,300,10% Off + 25% Off,"Nizampet, Hyderabad",4.0
Hunger Stories,"Italian, Shawarma, Milkshakes",300,10% Off + 25% Off,"Vanasthalipuram, Hyderabad",4.0
Daddy's Kitchen,North Indian,400,10% Off + 25% Off,"Kondapur, Hyderabad",4.0
Red Bucket Biryani,Biryani,400,10% Off + 25% Off,"Nizampet, Hyderabad",4.0
Burgers Bistro,Cafe,400,10% Off + 25% Off,"Miyapur, Hyderabad",4.0
Cafe Tanishi,Cafe,400,10% Off + 25% Off,"Bachupally, Hyderabad",4.0
Melted Magic,Desserts,200,10% Off + 25% Off,"Kharmanghat, Hyderabad",4.0
The Snack Park,Chinese,300,10% Off + 25% Off,"Alwal, Secunderabad",4.0
Bowls and Brews,Cafe,800,10% Off + 25% Off,"Miyapur, Hyderabad",4.0
Few Silly Reasons,Cafe,600,10% Off + 25% Off,"Miyapur, Hyderabad",4.0
Maa Radha’s Chats & Bites,Chinese,500,10% Off + 25% Off,"Kondapur, Hyderabad",4.0
On The Fire,Multicuisine,600,10% Off + 25% Off,"Uppal, Hyderabad",4.0
Amrutha Paniyam,Cafe,600,10% Off + 25% Off,"Chanda Nagar, Hyderabad",4.0
KGF Italian Wood Fire Pizza,Pizza,500,10% Off + 25% Off,"Srinagar Colony, Hyderabad",4.0
Adharaho,Cafe,600,10% Off + 25% Off,"Secunderabad, Hyderabad",4.0
Har Dum Biryani,Biryani,500,10% Off + 25% Off,"Nizampet, Hyderabad",4.0
Cool Buzz,"Beverages, Ice Cream",200,10% Off + 25% Off,"Shamshabad, Hyderabad",4.0
The Belgian Truffle,"Bakery, Cafe",400,10% Off + 25% Off,"Nacharam, Hyderabad",4.0
Kapu's Cafe,Fast Food,200,10% Off + 25% Off,"Saroor Nagar, Hyderabad",4.0
The New Batido,Fast Food,300,10% Off + 25% Off,"Kothapet, Hyderabad",4.0
Taagandi,Cafe,300,10% Off + 25% Off,"Miyapur, Hyderabad",4.0
Fry'd Chicken House,Chinese,300,10% Off + 25% Off,"Kothapet, Hyderabad",4.0
Claws N Wings,Multicuisine,450,10% Off + 25% Off,"Alwal, Secunderabad",4.0
Big Bites Shawarma & Momos,Fast Food,300,10% Off + 25% Off,"Bachupally, Hyderabad  ",4.0
Crackpot,Chinese,200,10% Off + 25% Off,"Sainikpuri, Secunderabad",4.0
Hentastic Bites,"Fast Food, Chinese",300,10% Off + 25% Off,"Hafeezpet, Hyderabad",4.0
U Snacks,Cafe,300,10% Off + 25% Off,"Bachupally, Hyderabad",4.0
Sarovar Street,South Indian,400,10% Off + 25% Off,"Bachupally, Hyderabad",4.0
Ananthapatnam,South Indian,400,10% Off + 25% Off,"Kukatpally, Hyderabad",4.0
Via Moka,North Indian,1200,30% Off + 25% Off,"Shankarpally, Hyderabad",4.0
Takita Takita Kitchen,Multicuisine,900,10% Off + 25% Off,"Kompally, Hyderabad",1.4
SALT Indian Restaurant Bar & Grill,Indian,1800,15% Off + 25% Off,"Hitech City, Hyderabad",3.2
Ohri's Mehfill,Indian,1200,15% Off + 25% Off,"S D Road, Secunderabad",3.9
Trick Bar & Kitchen By 10D,Multicuisine,2500,25% Off :Payeazy,"Nallagandla, Hyderabad",5.0
Cock & Bull,"Cocktail Menu, Multicuisine",3000,25% Off :Payeazy,"Hitech City, Hyderabad",4.5
Indian Tiffin Room,South Indian,700,20% Off + 25% Off,"Madhapur, Hyderabad",4.0
Dappalam,Multicuisine,1000,10% Off + 25% Off,"Tellapur, Hyderabad",1.0
Yaraa Culinary Cafe,Multicuisine,600,15% Off + 25% Off,"Gachibowli, Hyderabad",5.0
Pawwa Everyday Bar + Bites,Multicuisine,1000,25% Off :Payeazy,"BN Reddy Colony, Hyderabad",5.0
Pandhem Kodi Pakasala,Multicuisine,1000,15% Off + 25% Off,"Kukatpally, Hyderabad",3.8
Thunderbolt Cafe,Multicuisine,1000,25% Off :Payeazy,"Road No. 36, Jubilee Hills, Hyderabad",5.0
Sardaar Ji-Flavours of Punjab,North Indian,700,25% Off :Payeazy,"Gandipet, Hyderabad",5.0
Drip Drop Cafe and Restaurant,"American, European",700,20% Off + 25% Off,"Gachibowli, Hyderabad",3.8
Era Bistro & Global Kitchen,Multicuisine,1500,25% Off :Payeazy,"Film Nagar, Hyderabad",4.5
The Falcon Cafe,Multicuisine,1500,25% Off + 25% Off,"Nirvana Club, Hyderabad",4.0
Cold Stone Creamery,Ice Cream,700,25% Off :Payeazy,"Begumpet, Hyderabad  ",4.3
Padmaraga Restaurant & Cafe,Multicuisine,1500,15% Off + 25% Off,"Kukatpally, Hyderabad",4.6
Forbes Cafe & Restaurant,Multicuisine,500,25% Off + 25% Off,"Dilsukhnagar, Hyderabad",4.0
Art & Arbor Cafe,Cafe,1000,25% Off :Payeazy,"Secunderabad, Hyderabad",5.0
Peacock Bar,"Finger Food, Cocktail Menu",2000,10% Off + 25% Off,"ITC Kohenur, Hyderabad",4.9
Chronicles Cafe & Kitchen,"Chinese, Italian, Mediterranean",800,25% Off :Payeazy,"Uppal, Hyderabad",4.0
Seasons Restaurant and Bar,"Cocktail Menu, Multicuisine",1500,25% Off :Payeazy,"Kukatpally, Hyderabad",4.5
Kuch Bhi,Chinese,1000,25% Off :Payeazy,"Jubilee Hills, Hyderabad",4.0
Van lavino Sip & Smash,Continental,1400,25% Off :Payeazy,"Road No. 46, Jubilee Hills, Hyderabad",4.0
Viroha Cafe,South Indian,200,25% Off :Payeazy,"Madhapur, Hyderabad",4.0
House of Prema,"South Indian, Fusion",2000,25% Off :Payeazy,"Jubilee Hills, Hyderabad",4.0
WAREHOUSE.,Multicuisine,1400,25% Off :Payeazy,"Madhapur, Hyderabad",814.0
Bloom Café,Multicuisine,1200,25% Off :Payeazy,"Bloom Hotel - Jubilee Hills, Hyderabad",4.0
Tundey Kababi,"Lucknowi, Awadhi",700,15% Off + 25% Off,"Gachibowli, Hyderabad",4.0
Siri Lit Café,Multicuisine,500,25% Off + 25% Off,"Kothapet, Hyderabad",3.3
Axone,North Eastern,1500,10% Off + 25% Off,"Hitech City, Hyderabad",5.0
Spice And Sizzle By Karachi Bakery,Multicuisine,1500,10% Off + 25% Off,"Hitech City, Hyderabad",5.0
